id,institutionCode,collectionCode,ownerInstitutionCode,basisOfRecord,occurrenceID,catalogNumber,otherCatalogNumbers,higherClassification,kingdom,phylum,class,order,family,scientificName,taxonID,scientificNameAuthorship,genus,subgenus,specificEpithet,verbatimTaxonRank,infraspecificEpithet,taxonRank,identifiedBy,dateIdentified,identificationReferences,identificationRemarks,taxonRemarks,identificationQualifier,typeStatus,recordedBy,associatedCollectors,recordNumber,eventDate,year,month,day,startDayOfYear,endDayOfYear,verbatimEventDate,occurrenceRemarks,habitat,substrate,verbatimAttributes,fieldNumber,informationWithheld,dataGeneralizations,dynamicProperties,associatedOccurrences,associatedSequences,associatedTaxa,reproductiveCondition,establishmentMeans,cultivationStatus,lifeStage,sex,individualCount,preparations,country,stateProvince,county,municipality,locality,locationRemarks,localitySecurity,localitySecurityReason,decimalLatitude,decimalLongitude,geodeticDatum,coordinateUncertaintyInMeters,verbatimCoordinates,georeferencedBy,georeferenceProtocol,georeferenceSources,georeferenceVerificationStatus,georeferenceRemarks,minimumElevationInMeters,maximumElevationInMeters,minimumDepthInMeters,maximumDepthInMeters,verbatimDepth,verbatimElevation,disposition,language,recordEnteredBy,modified,sourcePrimaryKey-dbpk,collId,recordId,references
334718,UCR,,,PreservedSpecimen,UCR-BPS-112846,UCR0067609,UCR-112846,"Plantae|Magnoliophyta|Eudicots|Core Eudicots|Fabids|Rosids|Fagales|Fagaceae|Quercus",Plantae,Magnoliophyta,,Fagales,Fagaceae,"Quercus cedrosensis",97537,"C.H. Mull.",Quercus,,cedrosensis,,,Species,,,,,,,,"A.C. Sanders","Mark Elvin",23601,2000-08-04,2000,8,4,217,,2000-8-4,"Fairly common 2-4 m shrub, on dry slopes and at margins of wash.","Rocky canyon with polished bedrock along intermittent stream; slopes above with burned chaparral (c. 3 yrs. ago) with Rhus laurina, Adenostoma f., Eriogonum fas., Rhamnus il., Quercus cedrosensis, Cneoridium, Malacothamnus, Brickellia ca., etc. Canyon bottom with Cupressus, Juncus, Muhklenbergia rig., Baccharis sal., B. sarath., Mimulus gut., Asclepias fascic., and various chaparral species.",,,,,,,,,,,,,,,,,"United States",California,"San Diego",,"‘Monardella Gulch’, tributary of Cottonwood Creek on W slope of Tecate Peak, above east end Marron Valley and just north of the Mexican border",,,,32.57222,-116.72778,,,"NG 2E 0N; T18S R2E sec35",,,"Collector GeoRef",,,488,,,,,,,,,"2019-10-27 17:05:57",1480389,9,urn:uuid:c3c9d3d1-e217-487b-8e4b-76bb2a7df7be,https://swbiodiversity.org/seinet/collections/individual/index.php?occid=334718
335756,UCR,,,PreservedSpecimen,UCR-BPS-111071,UCR0067610,UCR-111071,"Plantae|Magnoliophyta|Eudicots|Core Eudicots|Fabids|Rosids|Fagales|Fagaceae|Quercus",Plantae,Magnoliophyta,,Fagales,Fagaceae,"Quercus cedrosensis",97537,"C.H. Mull.",Quercus,,cedrosensis,,,Species,,,,,,,,"G.F. Pratt",,s.n.,1999-03-03,1999,3,3,62,,1999-3-3,,"Coastal sage scrub and non-native grassland.",,,,,,,,,,,,,,,,,"United States",California,"San Diego",,"Tijuana River drainage, Marron Valley, c. 1 km north of Mexico border and 3 km west of Tecate Peak, SSE of Little Tecate Peak, ridge south of arroyo draining from Tecate Peak",,,,32.57667,-116.71417,,,"NG 2E 0N",,,,,,610,,,,,,,,,"2019-10-27 17:05:57",1481420,9,urn:uuid:c0585f9e-05af-4791-9229-3919b63085e5,https://swbiodiversity.org/seinet/collections/individual/index.php?occid=335756
350103,UCR,,,PreservedSpecimen,UCR-BPS-119346,UCR0067608,UCR-119346,"Plantae|Magnoliophyta|Eudicots|Core Eudicots|Fabids|Rosids|Fagales|Fagaceae|Quercus",Plantae,Magnoliophyta,,Fagales,Fagaceae,"Quercus cedrosensis",97537,"C.H. Mull.",Quercus,,cedrosensis,,,Species,,,,,,,,"Mark A. Elvin","G.F. Pratt",1305,1999-03-24,1999,3,24,83,,1999-3-24,"Upstream from roadside population. 20-25 individuals seen.","Steep,W-facing slope along rocky canyon.",,,,,,,,,,,,,,,,,"United States",California,"San Diego",,"Otay Mtn. area, Marron Valley",,,,32.57167,-116.72556,,,"T18S R2E sec25",,,,,,543,,,,,,,,,"2019-10-27 17:05:57",1495600,9,urn:uuid:cc62bbb6-3b3a-45c0-8b79-49d5a0952784,https://swbiodiversity.org/seinet/collections/individual/index.php?occid=350103
393428,UCR,,,PreservedSpecimen,UCR-BPS-21199,,UCR-21199,"Plantae|Magnoliophyta|Eudicots|Core Eudicots|Fabids|Rosids|Fagales|Fagaceae|Quercus",Plantae,Magnoliophyta,,Fagales,Fagaceae,"Quercus cedrosensis",97537,"C.H. Mull.",Quercus,,cedrosensis,,,Species,,,,,,,,"A.C. Sanders",,s.n.,1979-02-16,1979,2,16,47,,1979-2-16,,"Coatal bluffs dominated by coastal sage scrub with Quercus cedrosensis, Salvia munzii, Aesculus parryi, common.",,,,,,,,,,,,,,,,,Mexico,"Baja California (norte)",Ensenada,,"El Mirador, a few miles north of Ensenada on the highway along the coast",,,,31.98333,-116.81667,,,,,,GoogleEarthACS,,,256,,,,,,,,,"2019-10-27 17:05:57",1535181,9,urn:uuid:2a0d6d31-cbbc-432d-bdad-bbe9b32c266c,https://swbiodiversity.org/seinet/collections/individual/index.php?occid=393428
393429,UCR,,,PreservedSpecimen,UCR-BPS-38905,,UCR-38905,"Plantae|Magnoliophyta|Eudicots|Core Eudicots|Fabids|Rosids|Fagales|Fagaceae|Quercus",Plantae,Magnoliophyta,,Fagales,Fagaceae,"Quercus cedrosensis",97537,"C.H. Mull.",Quercus,,cedrosensis,,,Species,,,,,,,,"Barry A. Prigge","David S. Verity, D.C. Michener",4510,1983-05-10,1983,5,10,130,,1983-5-10,"Common shrub to 2 m tall.","Rocky, S-facing volcanic slopes. Associated with Pinus remorata, Quercus cedrosensis, Mimulus puniceus, Galvezia juncea, etc.",,,,,,,,,,,,,,,,,Mexico,"Baja California (norte)",Ensenada,,"7.8 mi south of MEX Hwy 1 on road to San Isidro",,,,31.31667,-116.33333,,,,,,,,,50,,,,,,,,,"2019-10-27 17:05:57",1535182,9,urn:uuid:f7d7f7b3-e1c6-40f9-883e-5c83f6488956,https://swbiodiversity.org/seinet/collections/individual/index.php?occid=393429
393430,UCR,,,PreservedSpecimen,UCR-BPS-58592,,UCR-58592,"Plantae|Magnoliophyta|Eudicots|Core Eudicots|Fabids|Rosids|Fagales|Fagaceae|Quercus",Plantae,Magnoliophyta,,Fagales,Fagaceae,"Quercus cedrosensis",97537,"C.H. Mull.",Quercus,,cedrosensis,,,Species,,,,,,,,"Reid Moran",,10724,1963-04-17,1963,4,17,107,,1963-4-17,XXX.,,,,,,,,,,,,,,,,,,Mexico,"Baja California (norte)",Ensenada,,"Isla Cedros, canyon E of Gill Peak",,,,28.29167,-115.18333,,,,,,"Collector GeoRef",,,400,,,,,,,,,"2019-10-27 17:05:57",1535183,9,urn:uuid:c5ee22dc-833e-417e-a351-a21f4dd984b7,https://swbiodiversity.org/seinet/collections/individual/index.php?occid=393430
400055,UCR,,,PreservedSpecimen,UCR-BPS-127779,UCR0067607,UCR-127779,"Plantae|Magnoliophyta|Eudicots|Core Eudicots|Fabids|Rosids|Fagales|Fagaceae|Quercus",Plantae,Magnoliophyta,,Fagales,Fagaceae,"Quercus cedrosensis",97537,"C.H. Mull.",Quercus,,cedrosensis,,,Species,,,,,,,,"A.C. Sanders","Cindy Burrascano, et al.",26307,2003-05-03,2003,5,3,123,,2003-5-3,"Common shrub in canyon and on slopes to the west.","Stony canyon with chaparral on slopes.",,,,,,,,,,,,,,,,,"United States",California,"San Diego",,"Otay Mountain, lower “Copper Canyon” on the south side of the mountain c. 0.25 km north of the Mexican border",,,,32.56083,-116.82917,,,,,,"Collector GeoRef",,,122,,,,,,,,,"2019-10-27 17:05:57",1541808,9,urn:uuid:d1106a9f-c5d3-45eb-921f-ba53ba44ebcb,https://swbiodiversity.org/seinet/collections/individual/index.php?occid=400055
401197,UCR,,,PreservedSpecimen,UCR-BPS-128848,UCR0067605,UCR-128848,"Plantae|Magnoliophyta|Eudicots|Core Eudicots|Fabids|Rosids|Fagales|Fagaceae|Quercus",Plantae,Magnoliophyta,,Fagales,Fagaceae,"Quercus cedrosensis",97537,"C.H. Mull.",Quercus,,cedrosensis,,,Species,,,,,,,,"Fred M. Roberts","Andy Pigniolo, Kam Muri",5744,2003-05-03,2003,5,3,123,,2003-5-3,"Common 3 m shrub on stream bench in woodland and on surrounding slopes.","Canyon bottom along stream course; Cupressus forbesii-oak woodland with chaparral, assoc. with Quercus agrifolia, Q. cedrosensis, Malosma laurina, Prunus, etc.",,,,,,,,,,,,,,,,,"United States",California,"San Diego",,"Otay Mountain, south side in lower “Butteweg Canyon” just above border trail, Tijuana River watershed",,,,32.56222,-116.80417,,,,,,"Collector GPS",,,168,,,,,,,,,"2019-10-27 17:05:57",1542943,9,urn:uuid:8f7ea1ef-13fd-4070-b42a-eb83099c3dae,https://swbiodiversity.org/seinet/collections/individual/index.php?occid=401197
404297,UCR,,,PreservedSpecimen,UCR-BPS-131320,,UCR-131320,"Plantae|Magnoliophyta|Eudicots|Core Eudicots|Fabids|Rosids|Fagales|Fagaceae|Quercus",Plantae,Magnoliophyta,,Fagales,Fagaceae,"Quercus cedrosensis",97537,"C.H. Mull.",Quercus,,cedrosensis,,,Species,,,,,,,,"June Latting","W.W.Wright, J.R. Shevock, et al",s.n.,1974-05-31,1974,5,31,151,,1974-5-31,Shrub.,"Assoc. with Eriogonum fascic., Eriophyllum confert., Quercus cedrosensis, Aesculus parryi, etc.",,,,,,,,,,,,,,,,,Mexico,"Baja California (norte)",Ensenada,,"El Mirador, south of Bajamar, about 25 km NNW of Ensenada on Hwy-1 near Salsipuedes",,,,31.98333,-116.81667,,,,,,,,,200,,,,,,,,,"2019-10-27 17:05:57",1546002,9,urn:uuid:93f6dc7a-d0fa-4278-ad87-3fcc99f6013d,https://swbiodiversity.org/seinet/collections/individual/index.php?occid=404297
419648,UCR,,,PreservedSpecimen,UCR-BPS-141688,,UCR-141688,"Plantae|Magnoliophyta|Eudicots|Core Eudicots|Fabids|Rosids|Fagales|Fagaceae|Quercus",Plantae,Magnoliophyta,,Fagales,Fagaceae,"Quercus cedrosensis",97537,"C.H. Mull.",Quercus,,cedrosensis,,,Species,,,,,,,,"June Latting",,s.n.,1973-05-12,1973,5,12,132,,1973-5-12,,"Assoc. with Quercus cedrosensis, Ceanothus verrucosus, Galvezia juncea, Cneoridium dumosum, Aesculus parryi, etc.",,,,,,,,,,,,,,,,,Mexico,"Baja California (norte)",Ensenada,,"El Mirador, south of Bajamar, about 25 km NNW of Ensenada on Hwy-1 near Salsipuedes",,,,31.98333,-116.81667,,,,,,,,,200,,,,,,,,,"2019-10-27 17:05:57",1561997,9,urn:uuid:39ec3443-681f-4846-a366-86a30c9b53e2,https://swbiodiversity.org/seinet/collections/individual/index.php?occid=419648
432549,UCR,,,PreservedSpecimen,UCR-BPS-156846,UCR0067606,UCR-156846,"Plantae|Magnoliophyta|Eudicots|Core Eudicots|Fabids|Rosids|Fagales|Fagaceae|Quercus",Plantae,Magnoliophyta,,Fagales,Fagaceae,"Quercus cedrosensis",97537,"C.H. Mull.",Quercus,,cedrosensis,,,Species,,,,,,,,"Jon P. Rebman","J. Walker, J. Schlacter, K. Collins",8798,2003-05-03,2003,5,3,123,,2003-5-3,"Shrub to 3m tall; uncommon.","Chaparral/Sage Scrub mix with Adenostoma fasciculatum, Artemisia californica, Cupressus forbesii, Eriogonum fasciculatum, Hesperoyucca whipplei, and Malosma laurina. Geology: metavolcanic substrates.",,,,,,,,,,,,,,,,,"United States",California,"San Diego",,"Just N of the USA/MX border: vicinity of Wild Bill’s Draw; along the road",,,,32.55831,-116.8525,,,,,,,,,300,,,,,,,,,"2019-10-27 17:05:57",1575765,9,urn:uuid:be6b290c-b1ec-4a3e-91ca-4f9e9724031c,https://swbiodiversity.org/seinet/collections/individual/index.php?occid=432549
1849244,ASU,Plants,,PreservedSpecimen,abe62d97-38ca-4ef3-8535-1a34f3e46f14,ASU0036495,203107,"Plantae|Magnoliophyta|Eudicots|Core Eudicots|Fabids|Rosids|Fagales|Fagaceae|Quercus",Plantae,Magnoliophyta,,Fagales,Fagaceae,"Quercus cedrosensis",97537,"C.H. Mull.",Quercus,,cedrosensis,,,Species,,,,,,,,"Jon P. Rebman","Tom Nash, José Delgadillo, et al.",2494,1994-03-21,1994,3,21,80,,,,,,,,,,,,,,,,0,,,,,Mexico,"Baja California",,,"Cedros Island, Cerro Cedros to the northwest of the town of Cedros.",,0,,28.2167,-115.25,,,,,,,,,,,,,,,,,"Kathy 2010_08_03","2018-03-08 09:13:18",198481,1,urn:uuid:abe62d97-38ca-4ef3-8535-1a34f3e46f14,https://swbiodiversity.org/seinet/collections/individual/index.php?occid=1849244
1849245,ASU,Plants,,PreservedSpecimen,4ef4094c-b280-4d95-8a03-85f4b6e9a075,ASU0036496,190127,"Plantae|Magnoliophyta|Eudicots|Core Eudicots|Fabids|Rosids|Fagales|Fagaceae|Quercus",Plantae,Magnoliophyta,,Fagales,Fagaceae,"Quercus cedrosensis",97537,"C.H. Mull.",Quercus,,cedrosensis,,,Species,,,,,,,,"K. C. Nixon","Q. P. Cowan",970,1977-12-13,1977,12,13,347,,,,,,,,,,,,,"ecologicallyOccursWith: Lotus rigidus Xylococcus bicolor|ecologicallyOccursWith: Rhus kearneyi",,,0,,,,,Mexico,"Baja California",,,"9 miles E of Mission San Borja in the La Libertade Mtns.",,0,,28.783333,-113.916667,,20000,,Velia,,"georef batch tool 2013-01-09; GeoLocate","reviewed - high confidence",,4,,,,,,,,"Kathy 2010_08_03","2018-03-08 09:13:18",198482,1,urn:uuid:4ef4094c-b280-4d95-8a03-85f4b6e9a075,https://swbiodiversity.org/seinet/collections/individual/index.php?occid=1849245
2067084,DES,,,PreservedSpecimen,084ea861-bdd9-423b-b360-37b3082610b2,DES00041126,,"Plantae|Magnoliophyta|Eudicots|Core Eudicots|Fabids|Rosids|Fagales|Fagaceae|Quercus",Plantae,Magnoliophyta,,Fagales,Fagaceae,"Quercus cedrosensis",97537,"C.H. Mull.",Quercus,,cedrosensis,,,Species,,,,,,,,"Jon Rebman","Jonathan Dunn and Mike Polak",3192,1996-05-25,1996,5,25,146,,,,,,"shrub, infrequent",,,,,,,"Pachycereus pringlei, Larrea, Pachycereus, Opuntia spp.",,,0,,,,,Mexico,"Baja California",,,"Sierra San Borja: 9.8 mi N of Mission San Borja, just NW of Cerro Colorado de San Borja",,0,,28.85,-113.783333,,,"28d 51m N; 113d 47m W",,,,,,,,,,,,,,jane,"2015-01-06 12:31:47",35044,5,urn:uuid:084ea861-bdd9-423b-b360-37b3082610b2,https://swbiodiversity.org/seinet/collections/individual/index.php?occid=2067084
3137600,NMC,,,PreservedSpecimen,,61063,,"Plantae|Magnoliophyta|Eudicots|Core Eudicots|Fabids|Rosids|Fagales|Fagaceae|Quercus",Plantae,Magnoliophyta,,Fagales,Fagaceae,"Quercus cedrosensis",97537,"C.H. Mull.",Quercus,,cedrosensis,,,Species,,,,,,,,"Nixon, KC, CP Cowan",,955,1977-12-18,1977,12,18,352,,,,"W/ Rhus ovata, Xylococcus bicolor, Q. turbinella",,"MF; 3 m tall, 6 m wide, dark smooth bark, multiple trunks,",,,,,,,,,,,,,,,Mexico,"Baja California",Mexico,,"9 mi E of Mission San Borja in La Libertad mts.",,,,,,,,,,,,,,1524,,,,,5000ft,,,,"2015-05-01 23:30:11",61063,22,urn:uuid:e08f1391-0364-48ce-8b4b-9460089cce11,https://swbiodiversity.org/seinet/collections/individual/index.php?occid=3137600
3137638,NMC,,,PreservedSpecimen,,61967,,"Plantae|Magnoliophyta|Eudicots|Core Eudicots|Fabids|Rosids|Fagales|Fagaceae|Quercus",Plantae,Magnoliophyta,,Fagales,Fagaceae,"Quercus cedrosensis",97537,"C.H. Mull.",Quercus,,cedrosensis,,,Species,,,,,,,,"Cowan, CP, ML Sauls",,1161,1978-03-28,1978,3,28,87,,,,"NW-facing ridge among large granite boulders in sandy soil w/ Q peninsularis, Q turbinella, Garrya sp.",,"V; Multi-trunked shrub > 2.5 m, w/ scaly bark; common",,,,,,,,,,,,,,,Mexico,"Baja California",Mexico,,"Sierra La Libertad, 15 mi E of Mision San Borja",,,,28.83,-113.67,,,,,,,,,1494,,,,,4900ft,,,,"2015-05-01 23:30:11",61967,22,urn:uuid:0fb69cd7-8ab1-42c1-8c82-33a6c69312dc,https://swbiodiversity.org/seinet/collections/individual/index.php?occid=3137638
3535871,SDSU,,,PreservedSpecimen,3e93f621-f8f3-4a18-9b40-5b8735bd7963,16055,SDSU16055,"Plantae|Magnoliophyta|Eudicots|Core Eudicots|Fabids|Rosids|Fagales|Fagaceae|Quercus",Plantae,Magnoliophyta,,Fagales,Fagaceae,"Quercus cedrosensis",97537,"C.H. Mull.",Quercus,,cedrosensis,,,Species,"Jon Rebman",,,,,,,"Rebman, Jon; J. Walker, J. Schlacter, & K. Collins",,8798,2003-05-03,2003,5,3,123,,05/03/2003,"Shrub to 3 m tall; uncommon","Chaparral/Sage Scrub mix with Adenostoma fasciculatum, Artemisia californica, Cupressus forbesii, Eriogonum fasciculatum, Hesperoyucca whipplei, and Malosma laurina; metavolcanic substrates",,,,,,,,,,"In fruit.",,,,,,,"United States",California,"San Diego",,"Otay Mountain Wilderness Area (BLM property): San Ysidro Mountians; just north of the USA/Mexico border: vicinity of Wild Bill's Draw; along the road",,,,32.55833,-116.8525,,,"32.56° 0.00m N; 116.85° 0.00m W","Mary Alice Kessler",,,,"Oct 24, 2008",300,,,,,984.252ft.,SYN,,preprocessed,"2020-11-24 16:15:29",390267,141,urn:uuid:1d00f5bb-31f2-464e-8aa8-59e08ce56753,https://swbiodiversity.org/seinet/collections/individual/index.php?occid=3535871
4540936,UCR,,,PreservedSpecimen,UCR-BPS-239439,,UCR-239439,"Plantae|Magnoliophyta|Eudicots|Core Eudicots|Fabids|Rosids|Fagales|Fagaceae|Quercus",Plantae,Magnoliophyta,,Fagales,Fagaceae,"Quercus cedrosensis",97537,"C.H. Mull.",Quercus,,cedrosensis,,,Species,,,,,,,,"Jon P. Rebman","Sula Vanderplank, et al.",22827,2012-03-20,2012,3,20,80,,2012-3-20,"Large shrub to 5 m tall; rare.","Mixed riparian with Iva hayesiana, Bacccharis sarothroides, Rhus integrifolia, Elymus condensatus, kSalix lasiolepis, Juncus acutus, Hesperocyparis forbesii, Malosma laurina.",,,,,,,,,,,,,,,,,Mexico,"Baja California (norte)",Ensenada,,"north of Erendira, south of Punta Cabras and north of Punta San Isidro, in a canyon near the coast",,,,31.33469,-116.407,,,,,,"Collector GPS",,,100,,,,,,,,,"2019-10-27 17:05:57",1656757,9,urn:uuid:6dd77b0b-0d07-46f9-9e23-1df9a198072b,https://swbiodiversity.org/seinet/collections/individual/index.php?occid=4540936
8000363,HCIB,,,PreservedSpecimen,5345467f-0a05-4992-b4ef-f3b4d457f2b8,5887,,"Plantae|Magnoliophyta|Eudicots|Core Eudicots|Fabids|Rosids|Fagales|Fagaceae|Quercus",Plantae,Magnoliophyta,,Fagales,Fagaceae,"Quercus cedrosensis",97537,"C.H. Mull.",Quercus,,cedrosensis,,,Species,"00 enero, 1900",3/28/1994,,,Encino,,,"Jon P. Rebman",,2494,1994-03-21,1994,3,21,80,,,,,,Arbusto,,,,,,,,,,,,,,,México,BC,Ensenada,"Costa del Pacífico","Cerro al NW de el pueblo de Cedros",,,,28.216667,-115.25,,,,,,,,,100,,,,,,HCIB,,,"2015-12-17 09:12:07",,285,urn:uuid:5345467f-0a05-4992-b4ef-f3b4d457f2b8,https://swbiodiversity.org/seinet/collections/individual/index.php?occid=8000363
8000364,HCIB,,,PreservedSpecimen,5936a47c-db7d-414d-a44d-db2327a78c61,8367,,"Plantae|Magnoliophyta|Eudicots|Core Eudicots|Fabids|Rosids|Fagales|Fagaceae|Quercus",Plantae,Magnoliophyta,,Fagales,Fagaceae,"Quercus cedrosensis",97537,"C.H. Mull.",Quercus,,cedrosensis,,,Species,"Jon P. Rebman",6/4/1996,,,Encino,,,"Jon P. Rebman",,3192,1996-05-25,1996,5,25,146,,,,,,Arbusto,,,,,,,,,,,,,,,México,,,"Sierra de San Borja","9.8 mi. N de La Misión",,,,28.85,-113.783333,,,,,,,,,,,,,,,HCIB,,,"2015-12-17 09:12:07",,285,urn:uuid:5936a47c-db7d-414d-a44d-db2327a78c61,https://swbiodiversity.org/seinet/collections/individual/index.php?occid=8000364
8094004,BCMEX,,,PreservedSpecimen,52079c69-6106-43e3-a56b-6fb26f5f008f,2179,,"Plantae|Magnoliophyta|Eudicots|Core Eudicots|Fabids|Rosids|Fagales|Fagaceae|Quercus",Plantae,Magnoliophyta,,Fagales,Fagaceae,"Quercus cedrosensis",97537,"C.H. Mull.",Quercus,,cedrosensis,,,Species,"A. González.",,,,,,,"J. Delgadillo",,,1985-03-22,1985,3,22,81,,3/22/1985,,"Matorral-chaparral costero.",,,,,,,,,,,,,,,,,México,"Baja California","San Antonio de las Minas",,"Km. 8, carretera Ensenada-Tecate.",,,,31.883333,-116.216667,,,"31° 53m 116° 13m",,,,,,,,,,,200,,,,"2016-01-08 16:19:49",2179,293,urn:uuid:52079c69-6106-43e3-a56b-6fb26f5f008f,https://swbiodiversity.org/seinet/collections/individual/index.php?occid=8094004
8095000,BCMEX,,,PreservedSpecimen,53036d62-b445-40db-a626-921f8117ff95,3177,,"Plantae|Magnoliophyta|Eudicots|Core Eudicots|Fabids|Rosids|Fagales|Fagaceae|Quercus",Plantae,Magnoliophyta,,Fagales,Fagaceae,"Quercus cedrosensis",97537,"C.H. Mull.",Quercus,,cedrosensis,,,Species,"J. Delgadillo",,,,,,,"J. Delgadillo",,,1987-04-24,1987,4,24,114,,4/24/1987,Eco-Med.,"Chaparral y área de pastoreo",,,,,,,,,,,,,,,,,México,"Baja California","La Mision",,"La Misión.",,,,32.1,-116.866667,,,"32° 6m 116° 52m",,,,,,,,,,,,,,,"2016-01-08 16:19:49",3177,293,urn:uuid:53036d62-b445-40db-a626-921f8117ff95,https://swbiodiversity.org/seinet/collections/individual/index.php?occid=8095000
8098712,BCMEX,,,PreservedSpecimen,3250856c-5608-4732-9fb4-bc8453455f64,6911,,"Plantae|Magnoliophyta|Eudicots|Core Eudicots|Fabids|Rosids|Fagales|Fagaceae|Quercus",Plantae,Magnoliophyta,,Fagales,Fagaceae,"Quercus cedrosensis",97537,"C.H. Mull.",Quercus,,cedrosensis,,,Species,"J. Rebman",21/03/1994,,,,,,"J. Rebman",,2494,1994-03-21,1994,3,21,80,,3/21/1994,,,,,,,,,,,,,,,,,,,México,"Baja California","Isla de Cedros",,"Cedros Island, Cerro Cedros, northwest of the town of Cedros",,,,28.216667,-115.25,,,"28° 13m 115° 15m",,,,,,,,,,,,,,,"2016-01-08 16:19:49",6911,293,urn:uuid:3250856c-5608-4732-9fb4-bc8453455f64,https://swbiodiversity.org/seinet/collections/individual/index.php?occid=8098712
8100320,BCMEX,,,PreservedSpecimen,4421ccff-df21-40d7-9548-90d378450b33,8540,,"Plantae|Magnoliophyta|Eudicots|Core Eudicots|Fabids|Rosids|Fagales|Fagaceae|Quercus",Plantae,Magnoliophyta,,Fagales,Fagaceae,"Quercus cedrosensis",97537,"C.H. Mull.",Quercus,,cedrosensis,,,Species,"J. Rebman",,,,,,,"J. Rebman",,3192,1996-05-25,1996,5,25,146,,5/25/1996,"Shrub, infrequent.","Pachycereus pringlei, Larrea, Pachycormus,.",,,,,,,,,,,,,,,,,México,"Baja California","Sierra San Borja",,"9.8 miles N of Mission San Borja; just NW of cerro Colorado de San Borja.",,,,28.85,-113.783333,,,"28° 51m 113° 47m",,,,,,,,,,,,,,,"2016-01-08 16:19:49",8540,293,urn:uuid:4421ccff-df21-40d7-9548-90d378450b33,https://swbiodiversity.org/seinet/collections/individual/index.php?occid=8100320
8103094,BCMEX,,,PreservedSpecimen,a9c0b44a-1362-4b4d-a389-8b234cd2dafc,11410,,"Plantae|Magnoliophyta|Eudicots|Core Eudicots|Fabids|Rosids|Fagales|Fagaceae|Quercus",Plantae,Magnoliophyta,,Fagales,Fagaceae,"Quercus cedrosensis",97537,"C.H. Mull.",Quercus,,cedrosensis,,,Species,"J. Delgadillo",,,,,,,"J. Delgadillo",,,2000-11-16,2000,11,16,321,,11/16/2000,,"Ripario,Chaparral.",,,,,,,,,,,,,,,,,México,"Baja California",Tecate,,"Cerro El carrizo, Rancho Tecate",,,,32.483333,-116.616667,,,"32° 29m 116° 37m",,,,,,,,,,,730,,,,"2016-01-08 16:19:49",11410,293,urn:uuid:a9c0b44a-1362-4b4d-a389-8b234cd2dafc,https://swbiodiversity.org/seinet/collections/individual/index.php?occid=8103094
8104967,BCMEX,,,PreservedSpecimen,eafa29f1-4268-4eb0-a330-c015dff8b6d0,13292,,"Plantae|Magnoliophyta|Eudicots|Core Eudicots|Fabids|Rosids|Fagales|Fagaceae|Quercus",Plantae,Magnoliophyta,,Fagales,Fagaceae,"Quercus cedrosensis",97537,"C.H. Mull.",Quercus,,cedrosensis,,,Species,"J. Rebman",,,,,,,"J. Rebman",,11831,2005-04-26,2005,4,26,116,,4/26/2005,"Shrubby tree to 3.5 m tall; common.","Vegetation; riparian with Salix spp. Baccharis salicifolia, Polypogon monspeliensis, Tamarix ramosis",,,,,,,,,,,,,,,,,México,"Baja California","Rancho Ontiveros",,"Southern foothills of Otay Mountain just south of the USA/Mex border between Tujuana and Tecate; along a side canyon of the Rio Tecate just west of the Mex. Hwy. 2 tol booth.",,,,32.533333,-116.85,,,"32° 32m 116° 51m",,,,,,,,,,,85,,,,"2016-01-08 16:19:49",13292,293,urn:uuid:eafa29f1-4268-4eb0-a330-c015dff8b6d0,https://swbiodiversity.org/seinet/collections/individual/index.php?occid=8104967
12383809,IND,,,PreservedSpecimen,d834d4b1-0f35-4909-8ecc-aeea9f2cff7e,IND-0061762,116035,"Plantae|Magnoliophyta|Eudicots|Core Eudicots|Fabids|Rosids|Fagales|Fagaceae|Quercus",Plantae,Magnoliophyta,,Fagales,Fagaceae,"Quercus cedrosensis",97537,"C.H. Mull.",Quercus,,cedrosensis,,,Species,,,,,,,,"John M. Tucker","Barbara Rice",4009,1966-10-06,1966,10,6,279,,"October 6, 1966",,"over boulders in creek bed in bottom of canyon",,"low shrubs",,,,,,,,,,,,,,,Mexico,"Baja California",,,"ca. 1 mile below head of canyon; Canon de los Pinitos, ca. 8 miles south of San Vicente",,0,,31.237533,-116.170597,,950,,"faguiler (2019-02-28 12:30:03)",,"georef batch tool 2019-02-28; GeoLocate","reviewed - high confidence",,,,,,,,,en,katmpick,"2019-06-04 07:15:29",,278,urn:uuid:d834d4b1-0f35-4909-8ecc-aeea9f2cff7e,https://swbiodiversity.org/seinet/collections/individual/index.php?occid=12383809
13953304,COLO,V,,PreservedSpecimen,a96f6e90-bb78-48a2-b7c5-9047a7d22ab8,00993691,200769,"Plantae|Magnoliophyta|Eudicots|Core Eudicots|Fabids|Rosids|Fagales|Fagaceae|Quercus",Plantae,Magnoliophyta,,Fagales,Fagaceae,"Quercus cedrosensis",97537,"C.H. Mull.",Quercus,,cedrosensis,,,Species,,,,,,,,"Reid Moran",,8048,1960-03-25,1960,3,25,85,,1960-3-25,"Shrub 2m tall; Imager: DC; Date Imaged: 7/17/2012","NW slope",,,,,,,,,,,,,,,,,Mexico,"Baja California",,,"Northwest slope of Cerro de la Mina de San Juan",,,,28.716667,-113.633333,,,"28°43'N, 113°38'W",,,,,,1350,,,,,"1350 m",,,,"2015-12-01 14:47:00",232439,368,urn:uuid:fd07cdf5-1c26-4122-872a-993218094981,https://swbiodiversity.org/seinet/collections/individual/index.php?occid=13953304
14965421,NY,,,PreservedSpecimen,7ab6bcc2-3913-4980-b37a-b60fa8721bb5,01164651,,"Plantae|Magnoliophyta|Eudicots|Core Eudicots|Fabids|Rosids|Fagales|Fagaceae|Quercus",Plantae,Magnoliophyta,,Fagales,Fagaceae,"Quercus cedrosensis",97537,"C.H. Mull.",Quercus,,cedrosensis,,,Species,,,,,,,,"J. L. León de la Luz",,06153,2005-03-26,2005,3,26,85,85,"26 Mar 2005",,,,,,,,,,,,,,,,,,sheet,Mexico,México,,,"On a steep SE-facing slope. To the N side of Cañon San Isidro and the S side of Cerro Colorado, along the N side of the road to Eréndira, about 2.4 mi NE of Eréndira and about 7.7 mi SW of the intersection with Mexico Rt. 1.",,,,31.2956,-116.3328,WGS84/NAD83,,,,,,,,46,,,,,"150 ft",,en,,"2021-01-06 21:44:18",7ab6bcc2-3913-4980-b37a-b60fa8721bb5,40,urn:uuid:89b18a37-f172-4bba-b916-258272e26c8a,https://swbiodiversity.org/seinet/collections/individual/index.php?occid=14965421
18337848,CalBG,RSA,,PreservedSpecimen,18976bd8-7776-4489-998b-7b81fbf866a1,RSA0059543,"RSA accession #: 262544","Plantae|Magnoliophyta|Eudicots|Core Eudicots|Fabids|Rosids|Fagales|Fagaceae|Quercus",Plantae,Magnoliophyta,,Fagales,Fagaceae,"Quercus cedrosensis",97537,"C.H. Mull.",Quercus,,cedrosensis,,,Species,"Jon P. Rebman",2016,,"[Second determiner: Sula Vanderplank]",,"! before genus",,"J. M. Tucker",,4210,1971-08-14,1971,8,14,226,,"August 14, 1971",,"On open, steep, south-facing slope on mountain side of red rock, in rocky rubble.",,"Low shrub ca. 4 feet tall, broadly spreading.",,,,,,,"Eriogonum fasciculatum, Pinus muricata (?), Rhus integrifolia, and Rhus laurina in the vicinity",vegetative,,,,,,"herbarium sheet",Mexico,"Baja California",,,"3 miles northeast of Erendira, on north side of road from San Vicente to Erendira and San Isidro.",,,,,,,,,,,,,,,,,,,,,,"Thomas Stoughton; cataloged date: 2015-12-21","2021-01-29 16:24:03",689514,415,urn:uuid:9fb8d14d-559b-4b27-8b03-bf8262702539,https://swbiodiversity.org/seinet/collections/individual/index.php?occid=18337848
18371130,CalBG,RSA,,PreservedSpecimen,e7c9fa2f-c387-4a31-9cea-a01a9d385b23,RSA0059564,"RSA accession #: 231623","Plantae|Magnoliophyta|Eudicots|Core Eudicots|Fabids|Rosids|Fagales|Fagaceae|Quercus",Plantae,Magnoliophyta,,Fagales,Fagaceae,"Quercus cedrosensis",97537,"C.H. Mull.",Quercus,,cedrosensis,,,Species,"Jon P. Rebman",2016,,"[Second determiner: Sula Vanderplank]",,"! before genus",,"Reid V. Moran",,16732,1970-02-08,1970,2,8,39,,"8 February 1970",,"Occasional in chaparral at top of cliff.",,"Dense shrub to 1 m high.",,,,,,,,flowers,,,,,,"herbarium sheet",Mexico,"Baja California",,,"El Mirador, 4 miles south of Jatay.",,,,31.9833333,-116.8333333,,,,,,,,,250,,,,,,,,"Thomas Stoughton; cataloged date: 2015-12-21","2021-01-29 16:24:03",1199443,415,urn:uuid:9cf47eaa-bbf5-4055-9d16-5df3082901fa,https://swbiodiversity.org/seinet/collections/individual/index.php?occid=18371130
18391169,CalBG,RSA,,PreservedSpecimen,83bbdf82-f836-4301-a8ad-ec63c4234316,RSA0059563,"RSA accession #: 338326","Plantae|Magnoliophyta|Eudicots|Core Eudicots|Fabids|Rosids|Fagales|Fagaceae|Quercus",Plantae,Magnoliophyta,,Fagales,Fagaceae,"Quercus cedrosensis",97537,"C.H. Mull.",Quercus,,cedrosensis,,,Species,"Jon P. Rebman",2016,,"[Second determiner: Sula Vanderplank]",,,,"J. Delgadillo",,s.n.,1985-03-22,1985,3,22,81,,22/III/85,,"Chaparral-matorral costero.",,,,,,,,,,flowers,,,,,,"herbarium sheet",Mexico,"Baja California",,,"Km. 8 carret. Ensenada-Tecate.",,,,,,,,,,,,,,200,,,,,"200 m.; 656.168ft.",,,"Thomas Stoughton; cataloged date: 2015-12-21","2021-01-29 16:24:03",990168,415,urn:uuid:4f7328ce-b291-4467-bc98-4154daba0418,https://swbiodiversity.org/seinet/collections/individual/index.php?occid=18391169
18392361,CalBG,RSA,,PreservedSpecimen,0c645d40-504d-4856-8f8f-78d166a4408a,,"RSA accession #: 682352","Plantae|Magnoliophyta|Eudicots|Core Eudicots|Fabids|Rosids|Fagales|Fagaceae|Quercus",Plantae,Magnoliophyta,,Fagales,Fagaceae,"Quercus cedrosensis",97537,"C.H. Mull.",Quercus,,cedrosensis,,,Species,,,,,,,,"A. C. Sanders","Cindy Burrascano",26307,2003-05-03,2003,5,3,123,,2003-5-3,,"Stony canyon with chaparral on slopes.",,"Common shrub in canyon and on slopes to the west.",,,,,,,,vegetative,"Native; Native/naturalizing",,,,,"herbarium sheet","United States",California,"San Diego",,"Peninsular Range: Otay Mountain, lower 'Copper Canyon' on the south side of the mountain ca. 0.25 km north of the Mexican border.; Otay Mountain 7.5'",,,,32.5608333,-116.8291667,,,,,,,,,122,183,,,,400-600ft.,,,"Gary D. Kovnat; cataloged date: 2004-02-19","2021-01-29 16:24:03",663678,415,urn:uuid:156ade07-532d-440b-beb5-e4efb55c872a,https://swbiodiversity.org/seinet/collections/individual/index.php?occid=18392361
18395249,CalBG,RSA,,PreservedSpecimen,8594d950-aeed-41b7-8b0d-b6c0ba9dd5ed,RSA0059549,"RSA accession #: 235333","Plantae|Magnoliophyta|Eudicots|Core Eudicots|Fabids|Rosids|Fagales|Fagaceae|Quercus",Plantae,Magnoliophyta,,Fagales,Fagaceae,"Quercus cedrosensis",97537,"C.H. Mull.",Quercus,,cedrosensis,,,Species,"Jon P. Rebman",2016,,"[Second determiner: Sula Vanderplank]",,"! before genus",,"Reid V. Moran",,16275,1969-07-04,1969,7,4,185,,"4 July 1969",,"On north slope.",,"Common, shrub 3 m high.",,,,,,,,vegetative,,,,,,"herbarium sheet",Mexico,"Baja California",,,"Arroyo Santa Cruz, 3 miles east of Valladares.",,,,30.8833333,-115.65,,,,,,,,,800,,,,,"ca. 800 m.; 2624.67ft.",,,"Thomas Stoughton; cataloged date: 2015-12-21","2021-01-29 16:24:03",994062,415,urn:uuid:fa7fc2a7-080c-4d50-a212-67d1504a3228,https://swbiodiversity.org/seinet/collections/individual/index.php?occid=18395249
18405001,CalBG,RSA,,PreservedSpecimen,9f89d637-231d-4b3d-9ec6-65d221e06fce,RSA0059559,"RSA accession #: 488470","Plantae|Magnoliophyta|Eudicots|Core Eudicots|Fabids|Rosids|Fagales|Fagaceae|Quercus",Plantae,Magnoliophyta,,Fagales,Fagaceae,"Quercus cedrosensis",97537,"C.H. Mull.",Quercus,,cedrosensis,,,Species,"Jon P. Rebman",2016,,"[Second determiner: Sula Vanderplank]",,"! before genus",,"Ralph N. Philbrick","Steve Junak",B85-17,1985-02-06,1985,2,6,37,,"6 February 1985",,"Upper south-facing slope.",,"Population sample, 1 twig from south side of each shrub, basal trunk diameter above burl to 16"", height 2 1/2' - 7', flowers only on two subprostrate shrubs, looks like clone.",,,,,,,"Zizyphus & Rhus lentii, Penstemon, Lotus dendroideus, Phacelia ixoides",vegetative,,,,,,"herbarium sheet",Mexico,"Baja California",,,"Canyon west of Cerro Cedros, Isla Cedros.",,,,,,,,,,,,,,,,,,,,,,"Thomas Stoughton; cataloged date: 2015-12-21","2021-01-29 16:24:03",1048453,415,urn:uuid:25f23824-e14d-449a-876b-4a07aa146c5a,https://swbiodiversity.org/seinet/collections/individual/index.php?occid=18405001
18430577,CalBG,RSA,,PreservedSpecimen,b7c51345-634e-4309-a2db-eff8d5c08d03,RSA0059565,"RSA accession #: 231290","Plantae|Magnoliophyta|Eudicots|Core Eudicots|Fabids|Rosids|Fagales|Fagaceae|Quercus",Plantae,Magnoliophyta,,Fagales,Fagaceae,"Quercus cedrosensis",97537,"C.H. Mull.",Quercus,,cedrosensis,,,Species,"Jon P. Rebman",2016,,"[Second determiner: Sula Vanderplank]",,"! before genus",,"Reid V. Moran",,18230,1970-11-05,1970,11,5,309,,"5 November 1970",,"On north slope.",,"Uncommon. Northernmost seen to date, shrub 3 m high x 6 m.",,,,,,,,fruits,,,,,,"herbarium sheet",Mexico,"Baja California",,,"5 miles ESE of Presa Rodriguez, 10 miles from U.S. border.",,,,32.4166667,-116.8333333,,,,,,,,,460,,,,,"ca. 460 m.; 1509.19ft.",,,"Thomas Stoughton; cataloged date: 2015-12-21","2021-01-29 16:24:03",1099042,415,urn:uuid:f419c541-b252-4c22-b3e5-d9de36633048,https://swbiodiversity.org/seinet/collections/individual/index.php?occid=18430577
18469072,CalBG,RSA,,PreservedSpecimen,56b07d35-9476-4fe3-a779-f13626e1ed7c,RSA0083696,"RSA accession #: 331128","Plantae|Magnoliophyta|Eudicots|Core Eudicots|Fabids|Rosids|Fagales|Fagaceae|Quercus",Plantae,Magnoliophyta,,Fagales,Fagaceae,"Quercus cedrosensis",97537,"C.H. Mull.",Quercus,,cedrosensis,,,Species,"Jon P. Rebman",2016,,"[2nd determiner:] Sula Vanderplank",,,,"Robert F. Thorne","A. Rodriguez, Walter Wisura, Paul Peterson, Carol Annable",58240,1984-04-26,1984,4,26,117,,1984-4-26,,"On slopes along rio.",,"Small tree.",,,,,,,,,,,,,,"herbarium sheet",Mexico,"Baja California",,,"Arroyo de las Palmas, W of Rancho Yuma, ca. 100 m along rio, ca. 6.6 miles from Presa Rodriguez dam.",,,,,,,,,,,,,,,,,,,,,,"Annie L. Yennie; cataloged date: 2016-08-04","2021-01-29 16:24:03",895383,415,urn:uuid:dc5f82ad-aaa0-45b1-b0ba-fd1ce70cec71,https://swbiodiversity.org/seinet/collections/individual/index.php?occid=18469072
18500343,CalBG,RSA,,PreservedSpecimen,dfbb8880-3bbb-44e0-9a4a-b9778eeb61d1,RSA0059561,"RSA accession #: 165324","Plantae|Magnoliophyta|Eudicots|Core Eudicots|Fabids|Rosids|Fagales|Fagaceae|Quercus",Plantae,Magnoliophyta,,Fagales,Fagaceae,"Quercus cedrosensis",97537,"C.H. Mull.",Quercus,,cedrosensis,,,Species,"Jon P. Rebman",2016,,"[Second determiner: Sula Vanderplank]",,"! before genus",,"Reid V. Moran",,10724,1963-04-17,1963,4,17,107,,"17 April 1963",,"Fairly common from 150 m. on N-facing slope.",,"Shrub 4 m tall.",,,,,,,,fertile,,,,,,"herbarium sheet",Mexico,"Baja California",,,"Cedros Island: Canyon east of Gill Peak.",,,,28.2916667,-115.1833333,,,,,,,,,400,,,,,"ca. 400 m; 1312.34ft.",,,"Thomas Stoughton; cataloged date: 2015-12-21","2021-01-29 16:24:03",1182677,415,urn:uuid:3ef31407-392e-49a9-8247-b440e9f6be03,https://swbiodiversity.org/seinet/collections/individual/index.php?occid=18500343
18513061,CalBG,RSA,,PreservedSpecimen,29b2196f-c8a1-41b3-8572-2319657576c6,RSA0059553,"RSA accession #: 648089","Plantae|Magnoliophyta|Eudicots|Core Eudicots|Fabids|Rosids|Fagales|Fagaceae|Quercus",Plantae,Magnoliophyta,,Fagales,Fagaceae,"Quercus cedrosensis",97537,"C.H. Mull.",Quercus,,cedrosensis,,,Species,"Jon P. Rebman",2016,,"[Second determiner: Sula Vanderplank]",,"! before genus",,"Fernando Chiang",,1302,1991-11-14,1991,11,14,318,,"14 Noviembre 1991",,"Bosque de Pinus. Rocas ígneas precretácicas.",,"Arbusto achaparrado de aprox. 0.8 m de altura.",,,,,,,,vegetative,,,,,,"herbarium sheet",Mexico,"Baja California",,,"Isla Cedros (""Punta norte""), 12 Km al N de Isla Natividad.",,,,,,,,,,,,,,1205,1205,,,,"Altitud maxima de la isla: 1205 m; 3953.412ft.",,,"Thomas Stoughton; cataloged date: 2015-12-21","2021-01-29 16:24:03",725572,415,urn:uuid:923cee2b-e73a-455f-a94a-33cb481355c8,https://swbiodiversity.org/seinet/collections/individual/index.php?occid=18513061
18521875,CalBG,RSA,,PreservedSpecimen,2f102630-07cf-44cc-94a5-4f0fc1754cb7,,"RSA accession #: 628243","Plantae|Magnoliophyta|Eudicots|Core Eudicots|Fabids|Rosids|Fagales|Fagaceae|Quercus",Plantae,Magnoliophyta,,Fagales,Fagaceae,"Quercus cedrosensis",97537,"C.H. Mull.",Quercus,,cedrosensis,,,Species,,,,,,,,"G. F. Pratt",,s.n.,1999-03-03,1999,3,3,62,,1999-3-3,,"Coastal sage scrub and non-native grassland.",,,,,,,,,,fruits,"Native; Native/naturalizing",,,,,"herbarium sheet","United States",California,"San Diego",,"Marron Valley, ca. 1 km N of Mexico border and 3 km W of Tecate Peak, SSE of Little Tecate Peak, ridge S of arroyo draining from Tecate Peak; Tecate Peak 7.5' Q.",,,,32.5666667,-116.7166667,,,"11S 2E 0N",,,,,,610,,,,,2000ft.,,,"Lisa M. Rojas; cataloged date: 2002-08-01","2021-01-29 16:24:03",736761,415,urn:uuid:a252f56f-8112-491c-a147-bcc9f030ef97,https://swbiodiversity.org/seinet/collections/individual/index.php?occid=18521875
18550087,CalBG,RSA,,PreservedSpecimen,44ad4b49-2448-41f6-896a-debb734340ce,RSA0117167,"RSA accession #: 599644","Plantae|Magnoliophyta|Eudicots|Core Eudicots|Fabids|Rosids|Fagales|Fagaceae|Quercus",Plantae,Magnoliophyta,,Fagales,Fagaceae,"Quercus cedrosensis",97537,"C.H. Mull.",Quercus,,cedrosensis,,,Species,,,,,,,,"Fred M. Roberts","J. Dice",4975,1996-09-05,1996,9,5,249,,1996-9-5,,"n-facing canyon at amrgin of chaparral and coastal sage scrub. Assoc. with Rhamnus crocea, Xylococcus bicolor, adenostoma fasciculatum, Eriogonum fasciculatu, Yucca whipplei, and Salvia apiana in rocky soil",,"Broad matted shrub, 2 meters tall; infrequent",,,,,,,,fruits,"Native; Native/naturalizing",,,,,"herbarium sheet","United States",California,"San Diego",,"San Ysidro Mountains: west edge of Marron Valley above Tijuanan River, 0.2 km NNE Border Monument 250.",,,,32.564255,-116.797598,WGS84,402,"11 519000E 3603000N","San Diego NHM A",,"UTM converted",,"Tue Oct 1 13:40:27 2013; georef from 2006-2015 archive backup file",274,,,,,899ft.,,,"Lisa M. Rojas; cataloged date: 2002-08-01","2021-01-29 16:24:03",782541,415,urn:uuid:bdf4c63d-349e-41f6-9c86-b43998888483,https://swbiodiversity.org/seinet/collections/individual/index.php?occid=18550087
18553593,CalBG,RSA,,PreservedSpecimen,a97943c3-b8b8-4011-b159-2daec4515109,RSA0059556,"RSA accession #: 172429","Plantae|Magnoliophyta|Eudicots|Core Eudicots|Fabids|Rosids|Fagales|Fagaceae|Quercus",Plantae,Magnoliophyta,,Fagales,Fagaceae,"Quercus cedrosensis",97537,"C.H. Mull.",Quercus,,cedrosensis,,,Species,"Jon P. Rebman",2016,,"[Second determiner: Sula Vanderplank]",,"! before genus",,"Reid V. Moran",,9774,1962-05-09,1962,5,9,129,,"9 June 1962",,"Among boulders of the arroyo bed.",,"Fairly common, shrub 2-4 m tall, seen to summit (1450 m).",,,,,,,,fruits,,,,,,"herbarium sheet",Mexico,"Baja California",,,"Arroyo de la Mina de Santa Marta.",,,,28.9083333,-113.625,,,,,,,,,1300,1450,,,,"ca. 1300 m., seen to summt (1450 m); 4265.092ft.",,,"Thomas Stoughton; cataloged date: 2015-12-21","2021-01-29 16:24:03",1069244,415,urn:uuid:5d9d233f-f237-4808-a107-3a239b34688b,https://swbiodiversity.org/seinet/collections/individual/index.php?occid=18553593
18555765,CalBG,RSA,,PreservedSpecimen,8a7ac655-3784-4215-a232-3b64e0a26ab0,,"RSA accession #: 599643","Plantae|Magnoliophyta|Eudicots|Core Eudicots|Fabids|Rosids|Fagales|Fagaceae|Quercus",Plantae,Magnoliophyta,,Fagales,Fagaceae,"Quercus cedrosensis",97537,"C.H. Mull.",Quercus,,cedrosensis,,,Species,,,,,,,,"Fred M. Roberts","D. Ann Kreager, Gail Kobetich",4972,1996-08-15,1996,8,15,228,,1996-8-15,,"On northeast-facing canyon slope in open chaparral. Assoc. with Adenostoma fasciculatum, Ceanothus carassifolius, C. tomentosus, arcrtostaphylos galndulosa, Eriogonum fasciculatum and viguiera laciniata in rocky soil.",,"Densley branched shrub, 2.5 meters tall, forming broad dense clumps up to 10 meters across",,,,,,,,fruits,"Native; Native/naturalizing",,,,,"herbarium sheet","United States",California,"San Diego",,"San Ysidro Mtns.: southwestern flank in unnamed canyon along U.S. - Mexican border, 0.7 km ENE Border Monument 251, 4.2 km SSW Otay Mtn.",,,,32.556221,-116.859396,WGS84,402,"11 513200E 3602100N","San Diego NHM A",,TOPO!,,"Tue Oct 1 13:35:13 2013; georef from 2006-2015 archive backup file",102,,,,,335ft.,,,"cataloged date: 2000-10-31","2021-01-29 16:24:03",1004378,415,urn:uuid:18c6b65e-dfeb-41e9-84f8-bc2b7a6bcae8,https://swbiodiversity.org/seinet/collections/individual/index.php?occid=18555765
18569481,CalBG,RSA,,PreservedSpecimen,8d4811ac-fc72-4310-a926-8b50310df6cc,RSA0059551,"RSA accession #: 207050","Plantae|Magnoliophyta|Eudicots|Core Eudicots|Fabids|Rosids|Fagales|Fagaceae|Quercus",Plantae,Magnoliophyta,,Fagales,Fagaceae,"Quercus cedrosensis",97537,"C.H. Mull.",Quercus,,cedrosensis,,,Species,"Jon P. Rebman",2016,,"[Second determiner: Sula Vanderplank]",,,,"Reid V. Moran",,16021,1969-05-31,1969,5,31,151,,"31 May 1969",,"Fairly common in chaparral on north slope.",,"Shrub 1 m high.",,,,,,,,vegetative,,,,,,"herbarium sheet",Mexico,"Baja California",,,"1.2 miles south of San Antonio.",,,,31.9666667,-116.6333333,,,,,,,,,425,,,,,"ca. 425 m.; 1394.36ft.",,,"Thomas Stoughton; cataloged date: 2015-12-21","2021-01-29 16:24:03",1010234,415,urn:uuid:794324a9-7f06-47cc-bfab-072065637cad,https://swbiodiversity.org/seinet/collections/individual/index.php?occid=18569481
18576961,CalBG,RSA,,PreservedSpecimen,cc256b2e-813c-46e1-bd09-87f6c25a447b,RSA0059557,"RSA accession #: 295108","Plantae|Magnoliophyta|Eudicots|Core Eudicots|Fabids|Rosids|Fagales|Fagaceae|Quercus",Plantae,Magnoliophyta,,Fagales,Fagaceae,"Quercus cedrosensis",97537,"C.H. Mull.",Quercus,,cedrosensis,,,Species,"Jon P. Rebman",2016,,"[Second determiner: Sula Vanderplank]",,"! before genus",,"David A. Young","R. Philbrick, M. Benedict",1104,1973-03-08,1973,3,8,67,,"8 March 1973",,,,,,,,,,,,vegetative,,,,,,"herbarium sheet",Mexico,"Baja California Sur",,,"Top of ridge of Cerro Cedros, Cedros Island.",,,,,,,,,,,,,,1189,,,,,"3900 ft.; 3900ft.",,,"Thomas Stoughton; cataloged date: 2015-12-21","2021-01-29 16:24:03",1141699,415,urn:uuid:f07ae993-71ea-4846-a35f-692a0fc00719,https://swbiodiversity.org/seinet/collections/individual/index.php?occid=18576961
18594828,CalBG,RSA,,PreservedSpecimen,f3955196-99cd-4100-9123-40628fe30527,RSA0059558,"RSA accession #: 328764","Plantae|Magnoliophyta|Eudicots|Core Eudicots|Fabids|Rosids|Fagales|Fagaceae|Quercus",Plantae,Magnoliophyta,,Fagales,Fagaceae,"Quercus cedrosensis",97537,"C.H. Mull.",Quercus,,cedrosensis,,,Species,"Jon P. Rebman",2016,,"[Second determiner: Sula Vanderplank]",,"! before genus",,"Barry A. Prigge","D. Verity, D. Michener",4510,1983-05-10,1983,5,10,130,,"10 May 1983",,"Rocky, s-facing, volcanic slopes.",,"Common shrub to 2 m tall.",,,,,,,"Pinus remorata, Quercus cedrosensis, Mimulus puniceus, Galvezia juncea, etc.",fruits,,,,,,"herbarium sheet",Mexico,"Baja California",,,"7.8 mi S of Hwy 1 on road to San Isidro.",,,,31.3166667,-116.3333333,,,,,,,,,50,,,,,"ca 50 m.; 164.042ft.",,,"Thomas Stoughton; cataloged date: 2015-12-21","2021-01-29 16:24:03",1224112,415,urn:uuid:bbbac83a-4497-469f-ac9a-8d470fac5bc0,https://swbiodiversity.org/seinet/collections/individual/index.php?occid=18594828
18600855,CalBG,RSA,,PreservedSpecimen,2865e504-fa75-4a3e-9385-27e613981ec4,RSA0059548,"RSA accession #: 172051","Plantae|Magnoliophyta|Eudicots|Core Eudicots|Fabids|Rosids|Fagales|Fagaceae|Quercus",Plantae,Magnoliophyta,,Fagales,Fagaceae,"Quercus cedrosensis",97537,"C.H. Mull.",Quercus,,cedrosensis,,,Species,"Robert F. Thorne",,,,,,,"Robert F. Thorne","J. Henrickson",32756,1963-02-27,1963,2,27,58,,"27 February 1963",,"Rocky slopes.",,"Shrub ca 1-1/2 m.",,,,,,,,vegetative,,,,,,"herbarium sheet",Mexico,"Baja California",,,"Sierra San Borja near El Terminal, 16 miles SW of Bahia de Los Angeles.",,,,,,,,,,,,,,1158,,,,,"ca 3800'; 3800ft.",,,"Thomas Stoughton; cataloged date: 2015-12-21","2021-01-29 16:24:03",722763,415,urn:uuid:2e171233-919a-403c-971d-ba35b9a13e87,https://swbiodiversity.org/seinet/collections/individual/index.php?occid=18600855
18602460,CalBG,RSA,,PreservedSpecimen,d250a674-c42a-482f-a54e-e2fa24889281,RSA0059555,"RSA accession #: 172379","Plantae|Magnoliophyta|Eudicots|Core Eudicots|Fabids|Rosids|Fagales|Fagaceae|Quercus",Plantae,Magnoliophyta,,Fagales,Fagaceae,"Quercus cedrosensis",97537,"C.H. Mull.",Quercus,,cedrosensis,,,Species,"Jon P. Rebman",2016,,"[Second determiner: Sula Vanderplank]",,,,"Reid V. Moran",,8049,1960-03-25,1960,3,25,85,,"25 March 1960",,"Northwest slope.",,"Shrub 2 m high, trunk 1 dm diameter, one procumbent, 4 m long.",,,,,,,,flowers,,,,,,"herbarium sheet",Mexico,"Baja California",,,"Cerro de la Mina de San Juan.",,,,28.7166667,-113.6333333,,,,,,,,,1350,,,,,"ca. 1350 m.; 4429.134ft.",,,"Thomas Stoughton; cataloged date: 2015-12-21","2021-01-29 16:24:03",1154635,415,urn:uuid:586de78d-cd61-4147-9fe7-e63306042eb4,https://swbiodiversity.org/seinet/collections/individual/index.php?occid=18602460
18643329,CalBG,RSA,,PreservedSpecimen,0bfe8d30-18e4-4e41-8ec2-b07e41faa2b1,RSA0059546,"RSA accession #: 193442","Plantae|Magnoliophyta|Eudicots|Core Eudicots|Fabids|Rosids|Fagales|Fagaceae|Quercus",Plantae,Magnoliophyta,,Fagales,Fagaceae,"Quercus cedrosensis",97537,"C.H. Mull.",Quercus,,cedrosensis,,,Species,"Jon P. Rebman",2016,,"[Second determiner: Sula Vanderplank]",,"! before genus",,"Reid V. Moran",,13250,1966-05-30,1966,5,30,150,,"30 May 1966",,"Occasional with the pine.",,"Shrub 2 m high.",,,,,,,,fruits,,,,,,"herbarium sheet",Mexico,"Baja California",,,"Canyon 4 miles southwest of San Vicente.",,,,31.3,-116.3166667,,,,,,,,,200,,,,,"ca. 200 m.; 656.168ft.",,,"Thomas Stoughton; cataloged date: 2015-12-21","2021-01-29 16:24:03",662804,415,urn:uuid:a2497518-4678-4ef3-9b53-6edd92388b4f,https://swbiodiversity.org/seinet/collections/individual/index.php?occid=18643329
18652365,CalBG,RSA,,PreservedSpecimen,013f4507-cfa0-4ae6-829f-b6ceb0e3576b,RSA0059554,"RSA accession #: 262532","Plantae|Magnoliophyta|Eudicots|Core Eudicots|Fabids|Rosids|Fagales|Fagaceae|Quercus",Plantae,Magnoliophyta,,Fagales,Fagaceae,"Quercus cedrosensis",97537,"C.H. Mull.",Quercus,,cedrosensis,,,Species,"Jon P. Rebman",2016,,"[Second determiner: Sula Vanderplank]",,"! before genus",,"David Cavagnaro",,s.n.,1973-01-00,1973,1,0,,,"January, 1973",,"Near the old mine.",,,,,,,,,,vegetative,,,,,,"herbarium sheet",Mexico,"Baja California",,,"North end of Cedros Island, off west coast of Baja California.",,,,,,,,,,,,,,,,,,,,,,"Thomas Stoughton; cataloged date: 2015-12-21","2021-01-29 16:24:03",640195,415,urn:uuid:5e49a387-7290-43a0-96e9-c281e80a0dce,https://swbiodiversity.org/seinet/collections/individual/index.php?occid=18652365
18674223,CalBG,RSA,,PreservedSpecimen,8dc01a0d-fbf1-4d16-ac18-ea25f919f4c2,RSA0059562,"RSA accession #: 206211","Plantae|Magnoliophyta|Eudicots|Core Eudicots|Fabids|Rosids|Fagales|Fagaceae|Quercus",Plantae,Magnoliophyta,,Fagales,Fagaceae,"Quercus cedrosensis",97537,"C.H. Mull.",Quercus,,cedrosensis,,,Species,"Jon P. Rebman",2016,,"[Second determiner: Sula Vanderplank]",,,,"Reid V. Moran",,15176,1968-06-26,1968,6,26,178,,"26 June 1968",,"Fairly common from 500 m in arroyo.",,"Shrub 2 m high.",,,,,,,,vegetative,,,,,,"herbarium sheet",Mexico,"Baja California",,,"Cedros Island, summit of Gill Peak.",,,,28.2916667,-115.2083333,,,,,,,,,1025,,,,,"ca. 1025 m.; 3362.861ft.",,,"Thomas Stoughton; cataloged date: 2015-12-21","2021-01-29 16:24:03",1011228,415,urn:uuid:c5258d8b-77fe-46f1-b470-8cc8c94f69ed,https://swbiodiversity.org/seinet/collections/individual/index.php?occid=18674223
18682288,CalBG,RSA,,PreservedSpecimen,7979e6e3-e10a-462d-b09e-e09dff138eaa,RSA0117170,"RSA accession #: 666642","Plantae|Magnoliophyta|Eudicots|Core Eudicots|Fabids|Rosids|Fagales|Fagaceae|Quercus",Plantae,Magnoliophyta,,Fagales,Fagaceae,"Quercus cedrosensis",97537,"C.H. Mull.",Quercus,,cedrosensis,,,Species,,,,,,,,"Mark A. Elvin","G. F. Pratt",1305,1999-03-24,1999,3,24,83,,1999-3-24,,"Steep, W-facing slope along rocky canyon.",,"Upstream from roadside population. 20-25 individuals seen.",,,,,,,,,"Native; Native/naturalizing",,,,,"herbarium sheet","United States",California,"San Diego",,"San Ysidro Mountains: Marron Valley.; Tecate",,,,32.5716667,-116.7255556,,,"T18S R2E S25 SE1/4",,,,,,543,,,,,1780ft.,,,"Smita Sambui; cataloged date: 2002-07-01","2021-01-29 16:24:03",968468,415,urn:uuid:44d35520-013d-46a3-bcae-1b5d95d3c0a9,https://swbiodiversity.org/seinet/collections/individual/index.php?occid=18682288
18698595,CalBG,RSA,,PreservedSpecimen,a3445895-a6ab-42a2-8369-1bd78aef6476,RSA0059545,"RSA accession #: 328762","Plantae|Magnoliophyta|Eudicots|Core Eudicots|Fabids|Rosids|Fagales|Fagaceae|Quercus",Plantae,Magnoliophyta,,Fagales,Fagaceae,"Quercus cedrosensis",97537,"C.H. Mull.",Quercus,,cedrosensis,,,Species,"Jon P. Rebman",2016,,"[Second determiner: Sula Vanderplank]",,"! before genus",,"Barry A. Prigge","D. Verity, D. Michener",4510,1983-05-10,1983,5,10,130,,"10 May 1983",,"Rocky, s-facing, volcanic slopes.",,"Common shrub to 2 m tall.",,,,,,,"Pinus remorata, Quercus cedrosensis, Mimulus puniceus, Galvezia juncea, etc.","flowers & fruits",,,,,,"herbarium sheet",Mexico,"Baja California",,,"7.8 mi S of Hwy 1 on road to San Isidro.",,,,31.3166667,-116.3333333,,,,,,,,,50,,,,,"ca 50 m.; 164.042ft.",,,"Thomas Stoughton; cataloged date: 2015-12-21","2021-01-29 16:24:03",1056296,415,urn:uuid:411210c2-1f1c-43e5-a922-a95246989208,https://swbiodiversity.org/seinet/collections/individual/index.php?occid=18698595
18705028,CalBG,RSA,,PreservedSpecimen,eb3bb66a-caca-4bd5-ae6c-23bbe49d91f8,RSA0059486,"RSA accession #: 193601","Plantae|Magnoliophyta|Eudicots|Core Eudicots|Fabids|Rosids|Fagales|Fagaceae|Quercus",Plantae,Magnoliophyta,,Fagales,Fagaceae,"Quercus cedrosensis",97537,"C.H. Mull.",Quercus,,cedrosensis,,,Species,"Jon P. Rebman",2016,,"[Second determiner: Sula Vanderplank]",,"! before genus",,"Reid V. Moran",,14519,1967-09-02,1967,9,2,245,,"2 Sept. 1967",,"Fairly common in chaparral on ridge.",,"Shrub 2 m high.",,,,,,,,vegetative,,,,,,"herbarium sheet",Mexico,"Baja California",,,"Mountains 4 miles north of Ensenada.",,,,31.9333333,-116.6,,,,,,,,,250,,,,,"ca. 250 m.; 820.209974ft.",,,"Thomas Stoughton; cataloged date: 2015-11-29","2021-01-29 16:24:03",1206668,415,urn:uuid:d7ea5f77-0060-4b48-a245-8cb13af2b769,https://swbiodiversity.org/seinet/collections/individual/index.php?occid=18705028
18713284,CalBG,RSA,,PreservedSpecimen,8bb35c67-c011-443a-b2ff-13b79d237f53,RSA0059560,"POM accession #: 323095","Plantae|Magnoliophyta|Eudicots|Core Eudicots|Fabids|Rosids|Fagales|Fagaceae|Quercus",Plantae,Magnoliophyta,,Fagales,Fagaceae,"Quercus cedrosensis",97537,"C.H. Mull.",Quercus,,cedrosensis,,,Species,"Jon P. Rebman",2016,,"[Second determiner: Sula Vanderplank]",,"! before genus",,"Reid V. Moran",,21201,1974-03-28,1974,3,28,87,,"28 March 1974",,"On lower slope of arroyo bank.",,"Common, shrub 2 m high x 4 m.",,,,,,,,vegetative,,,,,,"herbarium sheet",Mexico,"Baja California",,,"Cedros Island, coppermine canyon, 1 1/2 miles from north end.",,,,28.35,-115.2166667,,,,,,,,,350,,,,,"ca. 350 m.; 1148.29ft.",,,"Thomas Stoughton; cataloged date: 2015-12-21","2021-01-29 16:24:03",1006905,415,urn:uuid:47162366-05ce-4785-8032-3f7af97ecb4b,https://swbiodiversity.org/seinet/collections/individual/index.php?occid=18713284
18733168,CalBG,RSA,,PreservedSpecimen,33627ad7-c0c7-43a8-a225-3b4127b7ba81,RSA0083695,"RSA accession #: 330708","Plantae|Magnoliophyta|Eudicots|Core Eudicots|Fabids|Rosids|Fagales|Fagaceae|Quercus",Plantae,Magnoliophyta,,Fagales,Fagaceae,"Quercus cedrosensis",97537,"C.H. Mull.",Quercus,,cedrosensis,,,Species,"Jon P. Rebman",2016,,"[2nd determiner:] Sula Vanderplank",,!,,"Robert F. Thorne","Walter Wisura",57739,1983-11-17,1983,11,17,321,,1983-11-17,,"Dry, shaly, S-facing slope. Closed-cone pineland with chaparral. On dry, shaly, S-facing slope on top of ridge.",,"Small trees or large shrubs to 1-1.5 m.",,,,,,,,,,,,,,"herbarium sheet",Mexico,"Baja California",,,"S-facing slope above Rio San Isidro W of San Vicente, 12.5 km from Hwy 1 on road to Erendira.",,,,31.3333333,-116.4166667,,,,,,"Coordinates on label",,,,,,,,,,,"Annie L. Yennie; cataloged date: 2016-08-04","2021-01-29 16:24:03",745965,415,urn:uuid:2b166c3d-2f56-4c26-aef1-2e11f4e5d88e,https://swbiodiversity.org/seinet/collections/individual/index.php?occid=18733168
18736524,CalBG,RSA,,PreservedSpecimen,35002f54-2f59-4791-8f18-8c19b4987a00,RSA0059547,"RSA accession #: 202340","Plantae|Magnoliophyta|Eudicots|Core Eudicots|Fabids|Rosids|Fagales|Fagaceae|Quercus",Plantae,Magnoliophyta,,Fagales,Fagaceae,"Quercus cedrosensis",97537,"C.H. Mull.",Quercus,,cedrosensis,,,Species,"Jon P. Rebman",2016,,"[Second determiner: Sula Vanderplank]",,,,"J. M. Tucker","Barbara Rice",4008,1966-10-06,1966,10,6,279,,"October 6, 1966",,"Under Pinus muricata on north-facing canyon slope.",,"Straggling shrub ca. 4 feet tall.",,,,,,,,vegetative,,,,,,"herbarium sheet",Mexico,"Baja California",,,"Ca. 8 miles south of San Vicente, Cañon de los Pinitos, ca. 3/4 mile below head of canyon.",,,,,,,,,,,,,,,,,,,,,,"Thomas Stoughton; cataloged date: 2015-12-21","2021-01-29 16:24:03",749451,415,urn:uuid:5153ab04-84dd-455b-97f5-2463ccd13fb0,https://swbiodiversity.org/seinet/collections/individual/index.php?occid=18736524
18768574,CalBG,RSA,,PreservedSpecimen,8e114971-c8aa-4c94-ada0-a143e0d77b01,RSA0059552,"POM accession #: 213560","Plantae|Magnoliophyta|Eudicots|Core Eudicots|Fabids|Rosids|Fagales|Fagaceae|Quercus",Plantae,Magnoliophyta,,Fagales,Fagaceae,"Quercus cedrosensis",97537,"C.H. Mull.",Quercus,,cedrosensis,,,Species,"Jon P. Rebman",2016,,"[Second determiner: Sula Vanderplank]",,"! before genus",,"I. L. Wiggins","D. Demaree",4762,1930-09-08,1930,9,8,251,,"8 Sept. 1930",,"South side of canyon.",,"About 1 meter high.",,,,,,,,vegetative,,,,,,"herbarium sheet",Mexico,"Baja California",,,"San Antonio Canyon about 2 miles inland from San Antonio del Mar (Johnson's Ranch).",,,,,,,,,,,,,,,,,,,,,,"Thomas Stoughton; cataloged date: 2015-12-21","2021-01-29 16:24:03",1011898,415,urn:uuid:490f1f4c-7df4-47ec-ad5d-17413860d61c,https://swbiodiversity.org/seinet/collections/individual/index.php?occid=18768574
18779819,CalBG,RSA,,PreservedSpecimen,74348ae4-b187-4a9e-a72a-5da1138d4793,RSA0059544,"RSA accession #: 342321","Plantae|Magnoliophyta|Eudicots|Core Eudicots|Fabids|Rosids|Fagales|Fagaceae|Quercus",Plantae,Magnoliophyta,,Fagales,Fagaceae,"Quercus cedrosensis",97537,"C.H. Mull.",Quercus,,cedrosensis,,,Species,"Jon P. Rebman",2016,,"[Second determiner: Sula Vanderplank]",,"! before genus",,"Robert F. Thorne","Dave Charlton",58971,1985-04-01,1985,4,1,91,,"1 April 1985",,"Dry, SW-facing slopes above rio, slopes covered with mixture of chaparral and sage scrub plants.",,"Large shrubs to ca. 2-3 m tall.",,,,,,,,vegetative,,,,,,"herbarium sheet",Mexico,"Baja California",,,"Rio Santo Tomas: ca. 8 km toward La Bocana from Hwy 1.",,,,31.5833333,-116.5,,,,,,,,,125,,,,,410.105ft.,,,"Thomas Stoughton; cataloged date: 2015-12-21","2021-01-29 16:24:03",957323,415,urn:uuid:503bfac8-b014-49bb-8737-823159480cc8,https://swbiodiversity.org/seinet/collections/individual/index.php?occid=18779819
18850784,CalBG,RSA,,PreservedSpecimen,f68a0bf8-b06a-4029-a652-a04cada67354,,"RSA accession #: 661283","Plantae|Magnoliophyta|Eudicots|Core Eudicots|Fabids|Rosids|Fagales|Fagaceae|Quercus",Plantae,Magnoliophyta,,Fagales,Fagaceae,"Quercus cedrosensis",97537,"C.H. Mull.",Quercus,,cedrosensis,,,Species,,,,,,,,"A. C. Sanders","Mark A. Elvin",23601,2000-08-04,2000,8,4,217,,2000-8-4,,"Rocky canyon with polished bedrock along intermittent stream; slopes above with burned chaparral (ca. 3 yrs. ago) with Rhus laurina, Adenostoma f., Eriogonum fas., Rhamnus il., Quercus cedrosensis, Cneoridium, Malacothamnus, Brickellia ca., etc. Canyon bottom with Cupressus, Juncus, Muhklenbergia rig., Baccharis sal., B. sarath., Mimulus gut., Asclepias fascic., and various chaparral species.",,"Fairly common 2-4m shrub, on dry slopes and at margins of wash.",,,,,,,,sterile,"Native; Native/naturalizing",,,,,"herbarium sheet","United States",California,"San Diego",,"Monardella Gulch', tributary of Cottonwood Creek on W slope of Tecate Peak, above E end Marron Valley and just north of the Mexican border.; Tecate 7.5' Q.",,,,32.5722222,-116.7277778,,,"11S 2E 0N; T18S R2E S35",,,,,,488,,,,,1600ft.,,,"Naomi S. Fraga; cataloged date: 2001-11-05","2021-01-29 16:24:03",1230432,415,urn:uuid:f6615385-1e79-4d2f-90a8-7c69cad27ca3,https://swbiodiversity.org/seinet/collections/individual/index.php?occid=18850784
18880780,FLAS,,FLAS,PreservedSpecimen,7451907b-66e0-4469-830d-265087310021,238632,,"Plantae|Magnoliophyta|Eudicots|Core Eudicots|Fabids|Rosids|Fagales|Fagaceae|Quercus",Plantae,Magnoliophyta,,Fagales,Fagaceae,"Quercus cedrosensis",97537,"C.H. Mull.",Quercus,,cedrosensis,,,Species,,,,"[Orig. id.:] Quercus cedrosensis C.H. Muller",,,,"José Luis León de la Luz",,06153,2005-03-26,2005,3,26,85,,"26 March 2005","[Label heading:] Harvard University, Gray Herbarium (GH)",,,,,"location information not given for endangered species",,,,,,flowering,,,,,,"Preserved herbarium specimens",Mexico,"Baja California",,,"Mexico: Baja California. Shrub 6ft tall, locally common. In a shrubby, chaparral-like area on a steep SE-facing slope in rocky loam, with Adenostoma fasciculatum, Dudleya sp., Eriogonum fasciculatum, Euphorbia misera, Heteromeles arbutifolia, Justicia californica (?), Lotus scoparius, Mammillaria sp., Muhlenbergia microsperma, Pinus muricata, Rhus integrifolia, R. laurina and Simmondsia chinensis. To the N. side of Ca on San Isidro & the S. side of Cerro Colorado, along the N. side of the road to Er,ndira, about 2.4mi NE of Er,ndira & about 7.7mi SW of the intersection with Mexico Rt. 1. Elev. around 150ft. 31° 17' 44""N, 116° 19' 58""W. UTM 11 563509E, 3462542N (NAD83/WGS84).",,,,,,3,,,,,,,,,,,,,,FLASCAT,en,,"2020-08-31 12:12:49",7451907b-66e0-4469-830d-265087310021,249,urn:uuid:3bd4650e-5e4a-403a-bd19-33ff30dd38b5,https://swbiodiversity.org/seinet/collections/individual/index.php?occid=18880780
19185873,SBBG,,,PreservedSpecimen,ae008358-2268-42d0-b9c0-441f29cb39ba,33823,,"Plantae|Magnoliophyta|Eudicots|Core Eudicots|Fabids|Rosids|Fagales|Fagaceae|Quercus",Plantae,Magnoliophyta,,Fagales,Fagaceae,"Quercus cedrosensis",97537,"C.H. Mull.",Quercus,,cedrosensis,,,Species,"J. Rebman & S. Vanderplank, 2016",,,,,,,"Reid Moran",,16021,1969-05-31,1969,5,31,151,,1969-5-31,"fairly common","chaparral, N slope",,,,,,"shrub 1 m high",,,,Vegetative,,,,,,,Mexico,"Baja California",,,"1.2 mi S of San Antonio",,,,,,,,,,,,,,425,,,,,,,,,"2018-09-25 01:01:31",119045,414,urn:uuid:ae008358-2268-42d0-b9c0-441f29cb39ba,https://swbiodiversity.org/seinet/collections/individual/index.php?occid=19185873
19186261,SBBG,,,PreservedSpecimen,475d8ee6-330a-4163-8e47-54c8374882d4,31508,,"Plantae|Magnoliophyta|Eudicots|Core Eudicots|Fabids|Rosids|Fagales|Fagaceae|Quercus",Plantae,Magnoliophyta,,Fagales,Fagaceae,"Quercus cedrosensis",97537,"C.H. Mull.",Quercus,,cedrosensis,,,Species,"J. Rebman & S. Vanderplank, 2016",,,,,,,"Reid Moran",,13250,1966-05-30,1966,5,30,150,,1966-5-30,occasional,pine,,,,,,"shrub 2 m high",,,,"Fruit Present",,,,,,,Mexico,"Baja California",,,"cyn 4 mi SW of San Vicente",,,,31.3,-116.3167,,1500,,,,,,,200,,,,,,,,,"2018-09-25 01:01:31",68091,414,urn:uuid:475d8ee6-330a-4163-8e47-54c8374882d4,https://swbiodiversity.org/seinet/collections/individual/index.php?occid=19186261
19187045,SBBG,,,PreservedSpecimen,bb361c24-1910-4f2b-8c9a-29cf99cfb908,46942,,"Plantae|Magnoliophyta|Eudicots|Core Eudicots|Fabids|Rosids|Fagales|Fagaceae|Quercus",Plantae,Magnoliophyta,,Fagales,Fagaceae,"Quercus cedrosensis",97537,"C.H. Mull.",Quercus,,cedrosensis,,,Species,C.H.Muller,,,,,,,"R. N. Philbrick",,B73-280,1973-03-09,1973,3,9,68,,1973-3-9,,,,,,,,"six-foot rounded shrub; multi-stemmed from base",,,,"Fruit Present",,,,,,,Mexico,"Baja California",,Ensenada,"ridge just SW of Monte Cedros summit, Cedros Island",,,,28.12599,-115.2256,WGS84,3000,,dwilken,,GeoLocate,,,,,,,,,,,,"2018-09-25 01:01:31",125555,414,urn:uuid:bb361c24-1910-4f2b-8c9a-29cf99cfb908,https://swbiodiversity.org/seinet/collections/individual/index.php?occid=19187045
19187046,SBBG,,,PreservedSpecimen,09d1071c-3387-4bed-b6df-180ede67246d,46943,,"Plantae|Magnoliophyta|Eudicots|Core Eudicots|Fabids|Rosids|Fagales|Fagaceae|Quercus",Plantae,Magnoliophyta,,Fagales,Fagaceae,"Quercus cedrosensis",97537,"C.H. Mull.",Quercus,,cedrosensis,,,Species,"J. Rebman & S. Vanderplank, 2016",,,,,,,"Michael R. Benedict",,,1973-03-09,1973,3,9,68,,1973-3-9,,,,,,,,,,,,Vegetative,,,,,,,Mexico,"Baja California",,Ensenada,"N face, northern flank of Monte Cedros, Cedros Island",,,,28.137205,-115.2242,WGS84,3000,,dwilken,,GeoLocate,,,,,,,,,,,,"2018-09-25 01:01:31",37675,414,urn:uuid:09d1071c-3387-4bed-b6df-180ede67246d,https://swbiodiversity.org/seinet/collections/individual/index.php?occid=19187046
19187047,SBBG,,,PreservedSpecimen,05cdad09-f0ae-4ec3-935a-5f78db613146,46944,,"Plantae|Magnoliophyta|Eudicots|Core Eudicots|Fabids|Rosids|Fagales|Fagaceae|Quercus",Plantae,Magnoliophyta,,Fagales,Fagaceae,"Quercus cedrosensis",97537,"C.H. Mull.",Quercus,,cedrosensis,,,Species,"J. Rebman & S. Vanderplank, 2016",,,,,,,"R. N. Philbrick",,B73-78,1973-03-06,1973,3,6,65,,1973-3-6,,"N-facing slope",,,,,,,,,,Vegetative,,,,,,,Mexico,"Baja California",,Ensenada,"divide westerly of Monte Cedros, head of Canada de Calabaza, Cedros Island",,,,28.12256,-115.2445,WGS84,3000,,dwilken,,GeoLocate,,,,,,,,,,,,"2018-09-25 01:01:31",35699,414,urn:uuid:05cdad09-f0ae-4ec3-935a-5f78db613146,https://swbiodiversity.org/seinet/collections/individual/index.php?occid=19187047
19187048,SBBG,,,PreservedSpecimen,37ff1ba9-6abd-4def-8875-812ff2a78a97,46945,,"Plantae|Magnoliophyta|Eudicots|Core Eudicots|Fabids|Rosids|Fagales|Fagaceae|Quercus",Plantae,Magnoliophyta,,Fagales,Fagaceae,"Quercus cedrosensis",97537,"C.H. Mull.",Quercus,,cedrosensis,,,Species,"J. Rebman & S. Vanderplank, 2016",,,,,,,"Ralph N. Philbrick, M. R. Benedict",,B73-217,1973-03-07,1973,3,7,66,,1973-3-7,,,,,,,,,,,,Vegetative,,,,,,,Mexico,"Baja California",,Ensenada,"W-facing slope, divide between Gran Canon and Canada Vargas, Cedros Island",,,,,,,,,,,,,,,,,,,,,,,"2018-09-25 01:01:31",60501,414,urn:uuid:37ff1ba9-6abd-4def-8875-812ff2a78a97,https://swbiodiversity.org/seinet/collections/individual/index.php?occid=19187048
19187049,SBBG,,,PreservedSpecimen,32862741-99fc-4c22-bcc2-3dfcaab7e437,46946,,"Plantae|Magnoliophyta|Eudicots|Core Eudicots|Fabids|Rosids|Fagales|Fagaceae|Quercus",Plantae,Magnoliophyta,,Fagales,Fagaceae,"Quercus cedrosensis",97537,"C.H. Mull.",Quercus,,cedrosensis,,,Species,"J. Rebman & S. Vanderplank, 2016",,,,,,,"Michael R. Benedict",,,1973-03-09,1973,3,9,68,,1973-3-9,,,,,,,,,,,,Vegetative,,,,,,,Mexico,"Baja California",,Ensenada,"N face, northern flank of Monte Cedros, Cedros Island",,,,28.137205,-115.2242,WGS84,3000,,dwilken,,GeoLocate,,,,,,,,,,,,"2018-09-25 01:01:31",57721,414,urn:uuid:32862741-99fc-4c22-bcc2-3dfcaab7e437,https://swbiodiversity.org/seinet/collections/individual/index.php?occid=19187049
19187269,SBBG,,,PreservedSpecimen,b7ff97fb-76f3-4151-a6bb-9912509dfbef,46975,,"Plantae|Magnoliophyta|Eudicots|Core Eudicots|Fabids|Rosids|Fagales|Fagaceae|Quercus",Plantae,Magnoliophyta,,Fagales,Fagaceae,"Quercus cedrosensis",97537,"C.H. Mull.",Quercus,,cedrosensis,,,Species,"J. Rebman & S. Vanderplank, 2016",,,,,,,"Ralph N. Philbrick, M. R. Benedict",,B73-196,1973-03-07,1973,3,7,66,,1973-3-7,"two plants in cluster of 15 oaks",,,,,,,,,,,Vegetative,,,,,,,Mexico,"Baja California",,Ensenada,"bottom of upper SE tributary of Canada Vargas, 1.75 mi E of Aguaje Vargas, Cedros Island",,,,,,,,,,,,,,,,,,,,,,,"2018-09-25 01:01:31",123953,414,urn:uuid:b7ff97fb-76f3-4151-a6bb-9912509dfbef,https://swbiodiversity.org/seinet/collections/individual/index.php?occid=19187269
19187276,SBBG,,,PreservedSpecimen,fa8df12d-7794-4b1f-a8ff-0432e608926b,46984,,"Plantae|Magnoliophyta|Eudicots|Core Eudicots|Fabids|Rosids|Fagales|Fagaceae|Quercus",Plantae,Magnoliophyta,,Fagales,Fagaceae,"Quercus cedrosensis",97537,"C.H. Mull.",Quercus,,cedrosensis,,,Species,"J. Rebman & S. Vanderplank, 2016",,,,,,,"Ralph N. Philbrick, M. R. Benedict, D. A. Young",,B73-197,1973-03-07,1973,3,7,66,,1973-3-7,"three plants, cluster of 15 oaks",,,,,,,,,,,Vegetative,,,,,,,Mexico,"Baja California",,Ensenada,"bottom of upper SE tributary of Canada Vargas, 1.75 mi E of Aguaje Vargas, Cedros Island",,,,,,,,,,,,,,,,,,,,,,,"2018-09-25 01:01:31",157051,414,urn:uuid:fa8df12d-7794-4b1f-a8ff-0432e608926b,https://swbiodiversity.org/seinet/collections/individual/index.php?occid=19187276
19187577,SBBG,,,PreservedSpecimen,f7478f5e-3490-4888-9850-c32438646a34,137909,,"Plantae|Magnoliophyta|Eudicots|Core Eudicots|Fabids|Rosids|Fagales|Fagaceae|Quercus",Plantae,Magnoliophyta,,Fagales,Fagaceae,"Quercus cedrosensis",97537,"C.H. Mull.",Quercus,,cedrosensis,,,Species,"J. Rebman & S. Vanderplank, 2016",,,,,,,"Ralph N. Philbrick, M. R. Benedict",,B75-52,1976-11-27,1976,11,27,332,,1976-11-27,,,,,,,,,,,,"Fruit Present",,,,,,,Mexico,"Baja California",,Ensenada,"N-facing slope of Divide westerly of Torote Peak, NW of village, Cedros Island",,,,,,,,,,,,,,,,,,,"3500 [ft]",,,,"2018-09-25 01:01:31",155322,414,urn:uuid:f7478f5e-3490-4888-9850-c32438646a34,https://swbiodiversity.org/seinet/collections/individual/index.php?occid=19187577
19187613,SBBG,,,PreservedSpecimen,5c4d12ce-60e7-4c9f-9788-411ae1fe7fc3,SBBG150097,51766,"Plantae|Magnoliophyta|Eudicots|Core Eudicots|Fabids|Rosids|Fagales|Fagaceae|Quercus",Plantae,Magnoliophyta,,Fagales,Fagaceae,"Quercus cedrosensis",97537,"C.H. Mull.",Quercus,,cedrosensis,,,Species,,,,,,,,"C. H. Muller",,10775,1960-06-16,1960,6,16,168,,1960-6-16,,,,,,,,"secondary growth from stumps following fire; 5 ft tall",,,,"Fruit Present",,,,,,,Mexico,"Baja California",,Ensenada,"head of Canon de Calabasas, SW slopes of Cerro Cedros, Cedros Island",,,,28.1235,-115.2383,WGS84,1500,,dwilken,,"CalTopo; CHMuller archive",,,914,,,,,"3000 ft",,,,"2018-09-25 01:01:31",78595,414,urn:uuid:5c4d12ce-60e7-4c9f-9788-411ae1fe7fc3,https://swbiodiversity.org/seinet/collections/individual/index.php?occid=19187613
19187621,SBBG,,,PreservedSpecimen,f7cb28e6-25c3-4606-ae59-2ab8854e96ac,51955,,"Plantae|Magnoliophyta|Eudicots|Core Eudicots|Fabids|Rosids|Fagales|Fagaceae|Quercus",Plantae,Magnoliophyta,,Fagales,Fagaceae,"Quercus cedrosensis",97537,"C.H. Mull.",Quercus,,cedrosensis,,,Species,"J. Rebman & S. Vanderplank, 2016",,,,,,,"Michael R. Benedict",,,1977-06-04,1977,6,4,155,,1977-6-4,"colony of ca. 50 plants; scattered",,,,,,,,,,"Pinus, Xylococcus, Ceanothus",Vegetative,,,,,,,Mexico,"Baja California",,Ensenada,"lower sides and bottom of the middle part of the S fork of upper Canada de la Mina, Cedros Island",,,,28.34499,-115.21795,WGS84,,,dwilken,,,,,,,,,,,,,,"2018-09-25 01:01:31",155585,414,urn:uuid:f7cb28e6-25c3-4606-ae59-2ab8854e96ac,https://swbiodiversity.org/seinet/collections/individual/index.php?occid=19187621
19188447,SBBG,,,PreservedSpecimen,04c5abcd-40fa-4482-9502-56fc31eab61a,84861,,"Plantae|Magnoliophyta|Eudicots|Core Eudicots|Fabids|Rosids|Fagales|Fagaceae|Quercus",Plantae,Magnoliophyta,,Fagales,Fagaceae,"Quercus cedrosensis",97537,"C.H. Mull.",Quercus,,cedrosensis,,,Species,"J. Rebman & S. Vanderplank, 2016",,,,,,,"R. N. Philbrick, S. A. Junak",,B85-17,1985-02-06,1985,2,6,37,,1985-2-6,,,,,,,,,,,"Zizyphus, Rhus lentii, Penstemon, Lotus dendroideus, Phacelia ixodes",Vegetative,,,,,,,Mexico,"Baja California",,Ensenada,"upper S-facing slope, cyn W of Cerro Cedros, Cedros Island",,,,28.1264,-115.19305,WGS84,3000,,dwilken,,GeoLocate,,,,,,,,,,,,"2018-09-25 01:01:31",35228,414,urn:uuid:04c5abcd-40fa-4482-9502-56fc31eab61a,https://swbiodiversity.org/seinet/collections/individual/index.php?occid=19188447
19189099,SBBG,,,PreservedSpecimen,fc55fbe6-7751-46ae-b72f-eb4d0322d4d5,114328,,"Plantae|Magnoliophyta|Eudicots|Core Eudicots|Fabids|Rosids|Fagales|Fagaceae|Quercus",Plantae,Magnoliophyta,,Fagales,Fagaceae,"Quercus cedrosensis",97537,"C.H. Mull.",Quercus,,cedrosensis,,,Species,"J. Rebman & S. Vanderplank, 2016",,,,,,,"D. A. Young w/ R. N. Philbrick, M. R. Benedict",,1104,1973-03-08,1973,3,8,67,,1973-3-8,,,,,,,,,,,,Vegetative,,,,,,,Mexico,"Baja California",,Ensenada,"top of ridge of Cerro Cedros, Cedros Island",,,,28.1295,-115.2205,,1250,,dwilken,,,,,1189,,,,,"3900 ft",,,,"2018-09-25 01:01:31",157921,414,urn:uuid:fc55fbe6-7751-46ae-b72f-eb4d0322d4d5,https://swbiodiversity.org/seinet/collections/individual/index.php?occid=19189099
19189120,SBBG,,,PreservedSpecimen,078d9a9e-1b41-4157-a885-963a10925ed3,50705,,"Plantae|Magnoliophyta|Eudicots|Core Eudicots|Fabids|Rosids|Fagales|Fagaceae|Quercus",Plantae,Magnoliophyta,,Fagales,Fagaceae,"Quercus cedrosensis",97537,"C.H. Mull.",Quercus,,cedrosensis,,,Species,"J. Rebman & S. Vanderplank, 2016",,,,,,,"John M. Tucker",,4210,1971-08-14,1971,8,14,226,,1971-8-14,,"open, steep, S-facing slope; rock rubble",,,,,,"low shrub ca. 4 ft tall, broadly spreading",,,"Eriogonum fasciculatum, Pinus muricata, Rhus integrifolia, Rhus laurina",Vegetative,,,,,,,Mexico,"Baja California",,,"N side of rd from San Vicente to Erendira and San Isidro, 3 mi NE of Erendira, Baja California Norte",,,,31.29,-116.32,,,"31° 17m 24s N; 116° 19m 12s W",Collector,,Label,,,,,,,,,,,,"2018-09-25 01:01:31",36565,414,urn:uuid:078d9a9e-1b41-4157-a885-963a10925ed3,https://swbiodiversity.org/seinet/collections/individual/index.php?occid=19189120
19190078,SBBG,,,PreservedSpecimen,e8c82200-3285-4829-8b0e-b969de58672e,97277,,"Plantae|Magnoliophyta|Eudicots|Core Eudicots|Fabids|Rosids|Fagales|Fagaceae|Quercus",Plantae,Magnoliophyta,,Fagales,Fagaceae,"Quercus cedrosensis",97537,"C.H. Mull.",Quercus,,cedrosensis,,,Species,"J. Rebman & S. Vanderplank, 2016",,,,,,,"R. N. Philbrick, M. R. Benedict",,B74-122,1974-03-29,1974,3,29,88,,1974-3-29,,"S-facing talus",,,,,,"crown sprouting shrub 4 ft tall",,,,Vegetative,,,,,,,Mexico,"Baja California",,,"bank of Canada San Isidro, 3 mi E of Ejido Erendira",,,,31.2758,-116.33215,WGS84,3000,,,,GeoLocate,,,,,,,,,,,,"2018-09-25 01:01:31",147991,414,urn:uuid:e8c82200-3285-4829-8b0e-b969de58672e,https://swbiodiversity.org/seinet/collections/individual/index.php?occid=19190078
19190080,SBBG,,,PreservedSpecimen,c9bbb927-758b-4b30-a5ff-a53013fb96a6,97335,,"Plantae|Magnoliophyta|Eudicots|Core Eudicots|Fabids|Rosids|Fagales|Fagaceae|Quercus",Plantae,Magnoliophyta,,Fagales,Fagaceae,"Quercus cedrosensis",97537,"C.H. Mull.",Quercus,,cedrosensis,,,Species,"J. Rebman & S. Vanderplank, 2016",,,,,,,"R. N. Philbrick, M. R. Benedict",,B74-123,1974-03-29,1974,3,29,88,,1974-3-29,,"S-facing talus",,,,,,"crown sprouter",,,,Vegetative,,,,,,,Mexico,"Baja California",,,"Canada San Isidro, 3 mi E of Ejido Erendira",,,,31.2758,-116.33215,WGS84,3000,,,,GeoLocate,,,,,,,,,,,,"2018-09-25 01:01:31",132837,414,urn:uuid:c9bbb927-758b-4b30-a5ff-a53013fb96a6,https://swbiodiversity.org/seinet/collections/individual/index.php?occid=19190080
19208251,ASU,Plants,,PreservedSpecimen,1307c6e0-5ac0-470f-af30-0fb7db15a98f,,245195,"Plantae|Magnoliophyta|Eudicots|Core Eudicots|Fabids|Rosids|Fagales|Fagaceae|Quercus",Plantae,Magnoliophyta,,Fagales,Fagaceae,"Quercus cedrosensis",97537,"C.H. Mull.",Quercus,,cedrosensis,,,Species,,,,,,,,"M.A. Elvin","G.F. Pratt",1305,1999-03-24,1999,3,24,83,,,,"Steep, W-facing slope along rocky canyon.",,,,,,,,,,,,,,,,,"United States",California,"San Diego County",,"San Ysidro Mountains: Marron Valley.",,,,32.5716667,-116.7255556,,,,,,,,,543,,,,,543m,,,BettyDavidson,"2018-03-22 09:53:14",,1,urn:uuid:1307c6e0-5ac0-470f-af30-0fb7db15a98f,https://swbiodiversity.org/seinet/collections/individual/index.php?occid=19208251
22953494,UTEP,"Plant specimens",,PreservedSpecimen,http://arctos.database.museum/guid/UTEP:Herb:30224?seid=4139465,UTEP:Herb:30224,"collector number=BAP 4510","Plantae|Magnoliophyta|Eudicots|Core Eudicots|Fabids|Rosids|Fagales|Fagaceae|Quercus",Plantae,Magnoliophyta,,Fagales,Fagaceae,"Quercus cedrosensis",97537,"C.H. Mull.",Quercus,,cedrosensis,,,Species,"Barry A. Prigge",1983-03-10,,"Former nature_of_id: legacy.",,A,,"Collector(s): unknown; Barry A. Prigge",,"BAP 4510",1983-03-10,1983,3,10,69,69,"10 MAR 1983",,"on rocky S-facing volcanic slopes",,,,,,"height=2 m;verbatim collector=and others",,,,,"wild caught",,,,1,"whole organism",Mexico,"Baja California",Ensenada,,"on road to San Isidro, 7.8 miles S of Mexico Highway 1",,,,31.3166666667,-116.3333333333,unknown,,"31d 19m s N/116d 20m s W","Barry A. Prigge","not recorded","collector's notes",unverified,,45,55,,,,,,en,,"2021-02-16 19:10:00",http://arctos.database.museum/guid/UTEP:Herb:30224?seid=4139465,354,urn:uuid:27d8be2b-097c-4816-84b6-7a6c76277c11,https://swbiodiversity.org/seinet/collections/individual/index.php?occid=22953494
27002715,SBBG,,,PreservedSpecimen,9be761f7-3598-4224-95c4-1e38d4d209e8,138470,,"Plantae|Magnoliophyta|Eudicots|Core Eudicots|Fabids|Rosids|Fagales|Fagaceae|Quercus",Plantae,Magnoliophyta,,Fagales,Fagaceae,"Quercus cedrosensis",97537,"C.H. Mull.",Quercus,,cedrosensis,,,Species,,,,,,,,"Sula Vanderplank","Jon Rebman, Michael Benedict",5599a,2015-03-31,2015,3,31,90,,"31 Mar 2015",,"Juncus and palm, at low elevation",,"young plants (<5 years old)",,,,,,,,,,,,,,,Mexico,"Baja California",,Ensenada,"Cedros Island: El Orphanito cyn, a tributary to Cyn de la mina, near the cistern (N end of island).",,,,28.3518,-115.217,,,,dwilken,,,,,,,,,,,,,jlmudrick,"2020-10-26 19:48:46",1430234,414,urn:uuid:5af95dc4-9f17-4234-b109-119924122c8d,https://swbiodiversity.org/seinet/collections/individual/index.php?occid=27002715
27002716,SBBG,,,PreservedSpecimen,14d6c978-916a-43b3-8164-2f64a85d84f2,138469,,"Plantae|Magnoliophyta|Eudicots|Core Eudicots|Fabids|Rosids|Fagales|Fagaceae|Quercus",Plantae,Magnoliophyta,,Fagales,Fagaceae,"Quercus cedrosensis",97537,"C.H. Mull.",Quercus,,cedrosensis,,,Species,,,,,,,,"Sula Vanderplank","Jon Rebman, Michael Benedict",5599b,2015-03-31,2015,3,31,90,,"31 Mar 2015",,"Juncus and palm, at low elevation",,"old plants (100's of years old)",,,,,,,,,,,,,,,Mexico,"Baja California",,Ensenada,"Cedros Island: El Orphanito cyn, a tributary to Cyn de la mina, near the cistern (N end of island).",,,,28.3518,-115.217,,,,dwilken,,,,,,,,,,,,,jlmudrick,"2020-10-26 19:48:46",1430235,414,urn:uuid:fd4cf293-7ac3-481d-8b13-bbebce521af3,https://swbiodiversity.org/seinet/collections/individual/index.php?occid=27002716
27051406,LL,,,PreservedSpecimen,81a16629-df5f-4669-aa41-ca587212f883,00169110,,"Plantae|Magnoliophyta|Eudicots|Core Eudicots|Fabids|Rosids|Fagales|Fagaceae|Quercus",Plantae,Magnoliophyta,,Fagales,Fagaceae,"Quercus cedrosensis",97537,"C.H. Mull.",Quercus,,cedrosensis,,,Species,"Moran, Moran",,,,,,,"Moran Moran",,8048,1960-03-25,1960,3,25,85,,1960-3-25,,"ND ND",,,,,,,,,,,,,,,,Sheet,Mexico,"Baja California",,,"NW slope of Cerro de la Mina de San Juan; Sa San Borja",,,,28.71667,-113.63333,,,,,,,,,,,,,,,,,,"2021-06-11 13:50:41",81a16629-df5f-4669-aa41-ca587212f883,365,urn:uuid:68d6bbbd-baf6-4097-a4e6-ff76849b4b72,https://swbiodiversity.org/seinet/collections/individual/index.php?occid=27051406
27051407,LL,,,PreservedSpecimen,5883b8cf-3b25-47eb-afc6-6a2b00000ce2,00169111,,"Plantae|Magnoliophyta|Eudicots|Core Eudicots|Fabids|Rosids|Fagales|Fagaceae|Quercus",Plantae,Magnoliophyta,,Fagales,Fagaceae,"Quercus cedrosensis",97537,"C.H. Mull.",Quercus,,cedrosensis,,,Species,"Moran, Moran",,,,,,,"Moran Moran",,21201,1974-03-28,1974,3,28,87,,1974-3-28,,"Common on lower slope of arroyo bank, copper-mine canyon ND",,,,,,,,,,,,,,,,Sheet,Mexico,"Baja California",Ensenada,,"1 1/2 mi from N end",,,,28.35,-115.21667,,,,,,,,,,,,,,,,,,"2021-06-11 13:50:22",5883b8cf-3b25-47eb-afc6-6a2b00000ce2,365,urn:uuid:c0282b50-9454-4603-9a49-0d70f3521313,https://swbiodiversity.org/seinet/collections/individual/index.php?occid=27051407
27319847,TEX,,,PreservedSpecimen,,TEX00169104,,"Plantae|Magnoliophyta|Eudicots|Core Eudicots|Fabids|Rosids|Fagales|Fagaceae|Quercus",Plantae,Magnoliophyta,,Fagales,Fagaceae,"Quercus cedrosensis",97537,"C.H. Mull.",Quercus,,cedrosensis,,,Species,"Nixon, Kevin C.",,,"Additional determiners: Second determiner: Jackie M. Poole",,,,"Kevin C. Nixon|Clark P. Cowan",,955,1977-12-18,1977,12,18,352,,1977-12-18,,"ND ND",,,,,,,,,,,,,,,,Sheet,Mexico,"Baja California",,,"9 mi E of Mision San Borja, in Cañon La Borreguera, Sa La Libertad Mts",,,,28.73778,-113.60361,,,,,,,,,,,,,,,,,,"2021-07-13 12:37:43",4e066608-c02d-42f1-818e-ee4ff3b7f043,366,urn:uuid:07fe3089-9495-40fe-a169-858ea8c8500f,https://swbiodiversity.org/seinet/collections/individual/index.php?occid=27319847
27319848,TEX,,,PreservedSpecimen,,TEX00169105,,"Plantae|Magnoliophyta|Eudicots|Core Eudicots|Fabids|Rosids|Fagales|Fagaceae|Quercus",Plantae,Magnoliophyta,,Fagales,Fagaceae,"Quercus cedrosensis",97537,"C.H. Mull.",Quercus,,cedrosensis,,,Species,"Nixon, Kevin C.",,,"Additional determiners: Second determiner: Jackie M. Poole",,,,"Kevin C. Nixon|Clark P. Cowan",,970,1977-12-18,1977,12,18,352,,1977-12-18,,"ND ND",,,,,,,,,,,,,,,,Sheet,Mexico,"Baja California",,,"9 mi E of Mision San Borja, in Cañon La Borreguera, Sa La Libertad Mts",,,,28.73778,-113.60361,,,,,,,,,,,,,,,,,,"2021-07-13 12:38:36",b5ddd7e5-f9ac-46df-960e-96edf0b39f8d,366,urn:uuid:f4599d1c-d0a3-4013-9af4-6f2c724bdb35,https://swbiodiversity.org/seinet/collections/individual/index.php?occid=27319848
27319849,TEX,,,PreservedSpecimen,,TEX00169106,,"Plantae|Magnoliophyta|Eudicots|Core Eudicots|Fabids|Rosids|Fagales|Fagaceae|Quercus",Plantae,Magnoliophyta,,Fagales,Fagaceae,"Quercus cedrosensis",97537,"C.H. Mull.",Quercus,,cedrosensis,,,Species,"Nixon, Kevin C.",,,"Additional determiners: Second determiner: Jackie M. Poole",,,,"Kevin C. Nixon|Clark P. Cowan",,965,1977-12-18,1977,12,18,352,,1977-12-18,,"On summit of La Libertade Mtns. ND",,,,,,,,,,,,,,,,Sheet,Mexico,"Baja California",,,"9 mi E of Mision San Borja, in Cañon La Borreguera, Sa La Libertad Mts",,,,28.73778,-113.60361,,,,,,,,,,,,,,,,,,"2021-07-13 12:38:23",98ad72c0-16d2-41f1-bbce-476c30e22f73,366,urn:uuid:b112e4e4-3308-415a-a08d-00cd97937ed2,https://swbiodiversity.org/seinet/collections/individual/index.php?occid=27319849
27319850,TEX,,,PreservedSpecimen,,TEX00169107,,"Plantae|Magnoliophyta|Eudicots|Core Eudicots|Fabids|Rosids|Fagales|Fagaceae|Quercus",Plantae,Magnoliophyta,,Fagales,Fagaceae,"Quercus cedrosensis",97537,"C.H. Mull.",Quercus,,cedrosensis,,,Species,"Nixon, Kevin C.",,,"Additional determiners: Second determiner: Jackie M. Poole",,,,"Kevin C. Nixon|Clark P. Cowan|Mary L. Sauls",,1147,1978-03-28,1978,3,28,87,,1978-3-28,,"Common in chaparral wit Q. turbinella, Arctostaphylos pungens, Ceanothus greggii ND",,,,,,,,,,,,,,,,Sheet,Mexico,"Baja California",,,"Crest of Sa La Libertad, about 15 mi E of La Mission San Borja",,,,28.83333,-113.66667,,,,,,,,,,,,,,,,,,"2021-07-13 12:36:59",0eed2e72-bf6f-41e8-b685-6406c535d4c7,366,urn:uuid:02364d59-c07b-4639-95e8-0c161c5c25ac,https://swbiodiversity.org/seinet/collections/individual/index.php?occid=27319850
27319851,TEX,,,PreservedSpecimen,,TEX00169108,,"Plantae|Magnoliophyta|Eudicots|Core Eudicots|Fabids|Rosids|Fagales|Fagaceae|Quercus",Plantae,Magnoliophyta,,Fagales,Fagaceae,"Quercus cedrosensis",97537,"C.H. Mull.",Quercus,,cedrosensis,,,Species,"Nixon, Kevin C.",,,"Additional determiners: Second determiner: Jackie M. Poole",,,,"Kevin C. Nixon|Clark P. Cowan|Mary L. Sauls",,1161,1978-03-28,1978,3,28,87,,1978-3-28,,"Common on NW facing ridge among large granite boulders in sandy soil with Quercus peninsularis, Q turbunella, Garrya sp. ND",,,,,,,,,,,,,,,,Sheet,Mexico,"Baja California",,,"Sa La Libertad, 15 mi E of Mission San Borja",,,,28.83333,-113.66667,,,,,,,,,,,,,,,,,,"2021-07-13 12:37:36",3e64d8f4-ccf7-4da5-994b-ef8cf00cce0f,366,urn:uuid:6a905bab-a390-45e8-ad87-5a7e8e66fd1c,https://swbiodiversity.org/seinet/collections/individual/index.php?occid=27319851
27319852,TEX,,,PreservedSpecimen,,TEX00169109,,"Plantae|Magnoliophyta|Eudicots|Core Eudicots|Fabids|Rosids|Fagales|Fagaceae|Quercus",Plantae,Magnoliophyta,,Fagales,Fagaceae,"Quercus cedrosensis",97537,"C.H. Mull.",Quercus,,cedrosensis,,,Species,"Nixon, Kevin C.",,,"Additional determiners: Second determiner: Jackie M. Poole",,,,"Kevin C. Nixon|Clark P. Cowan|Mary L. Sauls",,1162,1978-03-28,1978,3,28,87,,1978-3-28,,"Common on NW facing ridge among large granite boulders in sandy soil with Quercus peninsularis, Q turbunella, Garrya sp. ND",,,,,,,,,,,,,,,,Sheet,Mexico,"Baja California",,,"Sa La Libertad, 15 mi E of Mission San Borja",,,,28.83333,-113.66667,,,,,,,,,,,,,,,,,,"2021-07-13 12:39:11",fccfabca-305a-4ae7-b4e5-016147e93f76,366,urn:uuid:6904e67b-b52a-4d50-8589-7ed918a6be2e,https://swbiodiversity.org/seinet/collections/individual/index.php?occid=27319852
